Province/State,Alberta,British Columbia,Diamond Princess,Grand Princess,Manitoba,New Brunswick,Newfoundland and Labrador,Northwest Territories,Nova Scotia,Nunavut,Ontario,Prince Edward Island,Quebec,Repatriated Travellers,Saskatchewan,Yukon,Total_confirmed
1/22/2020,0,0,0,0,0,0,0,0,0,0,0,0,0,0,0,0,0
1/23/2020,0,0,0,0,0,0,0,0,0,0,2,0,0,0,0,0,2
1/24/2020,0,0,0,0,0,0,0,0,0,0,3,0,0,0,0,0,3
1/25/2020,0,0,0,0,0,0,0,0,0,0,3,0,0,0,0,0,3
1/26/2020,0,0,0,0,0,0,0,0,0,0,3,0,0,0,0,0,3
1/27/2020,0,0,0,0,0,0,0,0,0,0,3,0,0,0,0,0,3
1/28/2020,0,1,0,0,0,0,0,0,0,0,3,0,0,0,0,0,4
1/29/2020,0,1,0,0,0,0,0,0,0,0,3,0,0,0,0,0,4
1/30/2020,0,1,0,0,0,0,0,0,0,0,3,0,0,0,0,0,4
1/31/2020,0,1,0,0,0,0,0,0,0,0,3,0,0,0,0,0,4
2/1/2020,0,1,0,0,0,0,0,0,0,0,3,0,0,0,0,0,4
2/2/2020,0,1,0,0,0,0,0,0,0,0,3,0,0,0,0,0,4
2/3/2020,0,1,0,0,0,0,0,0,0,0,3,0,0,0,0,0,4
2/4/2020,0,1,0,0,0,0,0,0,0,0,4,0,0,0,0,0,5
2/5/2020,0,2,0,0,0,0,0,0,0,0,4,0,0,0,0,0,6
2/6/2020,0,2,0,0,0,0,0,0,0,0,4,0,0,0,0,0,6
2/7/2020,0,4,0,0,0,0,0,0,0,0,4,0,0,0,0,0,8
2/8/2020,0,4,0,0,0,0,0,0,0,0,4,0,0,0,0,0,8
2/9/2020,0,4,0,0,0,0,0,0,0,0,4,0,0,0,0,0,8
2/10/2020,0,4,0,0,0,0,0,0,0,0,5,0,0,0,0,0,9
2/11/2020,0,4,0,0,0,0,0,0,0,0,5,0,0,0,0,0,9
2/12/2020,0,4,0,0,0,0,0,0,0,0,5,0,0,0,0,0,9
2/13/2020,0,4,0,0,0,0,0,0,0,0,5,0,0,0,0,0,9
2/14/2020,0,4,0,0,0,0,0,0,0,0,5,0,0,0,0,0,9
2/15/2020,0,4,0,0,0,0,0,0,0,0,5,0,0,0,0,0,9
2/16/2020,0,4,0,0,0,0,0,0,0,0,5,0,0,0,0,0,9
2/17/2020,0,5,0,0,0,0,0,0,0,0,5,0,0,0,0,0,10
2/18/2020,0,5,0,0,0,0,0,0,0,0,5,0,0,0,0,0,10
2/19/2020,0,5,0,0,0,0,0,0,0,0,5,0,0,0,0,0,10
2/20/2020,0,5,0,0,0,0,0,0,0,0,6,0,0,0,0,0,11
2/21/2020,0,6,0,0,0,0,0,0,0,0,7,0,0,0,0,0,13
2/22/2020,0,6,0,0,0,0,0,0,0,0,8,0,0,0,0,0,14
2/23/2020,0,6,0,0,0,0,0,0,0,0,9,0,0,0,0,0,15
2/24/2020,0,6,0,0,0,0,0,0,0,0,10,0,0,0,0,0,16
2/25/2020,0,7,0,0,0,0,0,0,0,0,11,0,1,0,0,0,19
2/26/2020,0,7,0,0,0,0,0,0,0,0,12,0,1,0,0,0,20
2/27/2020,0,7,0,0,0,0,0,0,0,0,14,0,1,0,0,0,22
2/28/2020,0,7,0,0,0,0,0,0,0,0,19,0,2,0,0,0,28
2/29/2020,0,8,0,0,0,0,0,0,0,0,23,0,2,0,0,0,33
3/1/2020,0,8,0,0,0,0,0,0,0,0,27,0,3,0,0,0,38
3/2/2020,0,8,0,0,0,0,0,0,0,0,31,0,6,0,0,0,45
3/3/2020,0,9,0,0,0,0,0,0,0,0,34,0,8,0,0,0,51
3/4/2020,0,12,0,0,0,0,0,0,0,0,37,0,10,0,0,0,59
3/5/2020,0,13,0,0,0,0,0,0,0,0,47,0,11,0,0,0,71
3/6/2020,1,21,0,0,0,0,0,0,0,0,55,0,13,0,0,0,90
3/7/2020,2,21,0,0,0,0,0,0,0,0,62,0,13,0,0,0,98
3/8/2020,4,27,0,0,0,0,0,0,0,0,75,0,14,0,0,0,120
3/9/2020,7,32,0,0,0,0,0,0,0,0,90,0,15,0,0,0,144
3/10/2020,7,32,0,0,0,0,0,0,0,0,109,0,17,0,0,0,165
3/11/2020,19,39,0,0,0,1,0,0,0,0,142,0,27,0,0,0,228
3/12/2020,19,46,0,0,0,1,0,0,0,0,190,0,33,0,0,0,289
3/13/2020,29,64,0,2,4,1,0,0,0,0,247,0,37,0,2,0,386
3/14/2020,29,64,0,2,4,1,0,0,0,0,296,0,55,0,2,0,453
3/15/2020,39,73,0,2,4,2,1,0,0,0,357,1,68,0,2,0,549
3/16/2020,56,103,0,2,7,6,1,0,5,0,427,1,85,0,7,0,700
3/17/2020,74,103,0,8,8,8,3,0,7,0,507,1,128,0,7,0,854
3/18/2020,97,186,0,9,15,11,3,0,12,0,586,1,169,0,8,0,1097
3/19/2020,119,231,0,9,17,11,3,0,14,0,685,2,242,0,16,0,1349
3/20/2020,146,271,0,10,17,11,4,0,15,0,825,2,371,0,20,0,1692
3/21/2020,195,424,0,10,18,17,6,0,21,0,919,2,557,0,26,0,2195
3/22/2020,259,424,0,13,20,17,9,1,28,0,1031,3,795,0,52,0,2652
3/23/2020,301,472,0,13,20,17,24,1,41,0,1200,3,1140,0,66,0,3298
3/24/2020,359,617,0,13,21,18,35,1,51,0,1399,3,1408,0,72,0,3997
3/25/2020,358,617,0,13,35,18,35,1,68,0,1560,5,1774,0,86,0,4570
3/26/2020,486,725,0,13,36,33,82,1,73,0,1819,5,2140,0,95,3,5511
3/27/2020,542,725,0,13,39,45,102,1,90,0,2116,9,2591,0,104,3,6380
3/28/2020,542,884,0,13,64,51,120,1,110,0,2369,11,3007,0,134,4,7310
3/29/2020,621,884,0,13,72,66,135,1,122,0,2608,11,3575,0,134,4,8246
3/30/2020,661,970,0,13,96,68,148,1,127,0,3044,18,4153,0,175,4,9478
3/31/2020,690,1013,0,13,103,70,152,1,147,0,3431,21,4881,0,184,5,10711
4/1/2020,754,1013,0,13,127,81,175,2,173,0,3888,21,5578,0,193,5,12023
4/2/2020,969,1121,0,13,167,91,183,2,193,0,4316,22,6453,0,206,6,13742
4/3/2020,969,1174,0,13,182,91,183,4,207,0,4780,22,7223,0,220,6,15074
4/4/2020,1075,1203,0,13,182,91,195,4,236,0,5123,22,8029,0,231,6,16410
4/5/2020,1181,1203,0,13,203,98,217,4,262,0,5478,22,8663,0,249,6,17599
4/6/2020,1250,1266,0,13,203,103,226,5,293,0,5922,22,9538,0,253,6,19100
4/7/2020,1373,1266,0,13,217,105,228,5,310,0,6356,22,10326,0,260,7,20488
4/8/2020,1373,1291,0,13,217,105,232,5,342,0,6831,25,11012,0,271,7,21724
4/9/2020,1423,1336,0,13,221,108,236,5,373,0,7319,25,11760,0,278,7,23104
4/10/2020,1451,1370,0,13,230,112,239,5,407,0,7708,25,12395,0,285,8,24248
4/11/2020,1567,1445,0,13,243,112,241,5,428,0,8188,25,13060,0,289,8,25624
4/12/2020,1567,1445,0,13,242,114,242,5,445,0,8712,25,13850,0,298,8,26966
4/13/2020,1732,1490,0,13,246,116,244,5,474,0,9296,25,14814,0,300,8,28763
4/14/2020,1870,1490,0,13,246,116,244,5,517,0,9841,25,15776,0,301,8,30452
4/15/2020,1870,1517,0,13,246,117,247,5,549,0,10423,26,16874,0,304,8,32199
4/16/2020,1996,1561,0,13,250,117,252,5,579,0,11015,26,17838,0,305,8,33965
4/17/2020,2397,1575,0,13,250,117,256,5,606,0,11671,26,18860,0,307,8,36091
4/18/2020,2562,1618,0,13,253,117,256,5,649,0,12273,26,19523,0,313,9,37617
4/19/2020,2803,1647,0,13,254,118,256,5,675,0,12853,26,20343,0,315,9,39317
4/20/2020,2908,1647,0,13,254,118,256,5,721,0,13502,26,21252,0,316,11,41029
4/21/2020,3095,1724,0,13,255,118,256,5,737,0,14001,26,22058,0,320,11,42619
4/22/2020,3401,1795,0,13,257,118,256,5,772,0,14542,26,22943,0,326,11,44465
4/23/2020,3720,1824,0,13,262,118,256,5,827,0,15032,26,23849,0,331,11,46274
4/24/2020,4017,1853,0,13,263,118,256,5,850,0,15457,26,24704,0,341,11,47914
4/25/2020,4233,1948,0,13,267,118,257,5,865,0,15938,26,25466,0,349,11,49496
4/26/2020,4480,1948,0,13,271,118,258,5,873,0,16273,26,26078,0,353,11,50707
4/27/2020,4696,1998,0,13,273,118,258,5,900,0,16712,26,26988,0,365,11,52363
4/28/2020,4850,2053,0,13,273,118,258,5,915,0,17089,27,27908,0,366,11,53886
4/29/2020,5165,2087,0,13,275,118,258,5,935,0,17492,27,28806,0,383,11,55575
4/30/2020,5355,2112,0,13,277,118,258,5,947,0,17893,27,29809,0,389,11,57214
5/1/2020,5573,2145,1,13,281,118,259,5,959,0,18356,27,30862,0,415,11,59025
5/2/2020,5670,2171,1,13,282,118,259,5,963,0,18679,27,31761,0,421,11,60381
5/3/2020,5766,2171,1,13,282,118,259,5,971,0,19031,27,32552,0,433,11,61640
5/4/2020,5836,2224,1,13,283,118,259,5,985,0,19370,27,33417,0,467,11,63016
5/5/2020,5893,2232,1,13,284,119,259,5,991,0,19779,27,34310,0,487,11,64411
5/6/2020,5963,2255,1,13,286,120,259,5,998,0,20134,27,35343,0,512,11,65927
5/7/2020,6017,2288,1,13,283,120,260,5,1007,0,20441,27,36194,0,531,11,67198
5/8/2020,6098,2315,1,13,284,120,260,5,1008,0,20740,27,36972,0,544,11,68398
5/9/2020,6157,2330,1,13,284,120,260,5,1011,0,21048,27,37724,0,553,11,69544
5/10/2020,6253,2330,1,13,287,120,260,5,1018,0,21316,27,38377,0,564,11,70582
5/11/2020,6300,2353,1,13,289,120,260,5,1019,0,21538,27,39102,0,568,11,71606
5/12/2020,6345,2360,1,13,290,120,260,5,1020,0,21799,27,39899,0,573,11,72723
5/13/2020,6407,2376,1,13,290,120,260,5,1024,0,22160,27,40679,0,577,11,73950
5/14/2020,6457,2392,1,13,289,120,260,5,1026,0,22498,27,41379,0,582,11,75060
5/15/2020,6515,2407,1,13,289,120,260,5,1034,0,22898,27,42161,0,590,11,76331
5/16/2020,6587,2428,1,13,289,120,260,5,1037,0,23260,27,42857,0,591,11,77486
5/17/2020,6644,2428,1,13,289,120,260,5,1040,0,23676,27,43588,0,592,11,78694
5/18/2020,6683,2444,1,13,290,120,260,5,1043,0,24033,27,44258,0,592,11,79780
5/19/2020,6716,2446,1,13,290,120,260,5,1044,0,24354,27,44896,0,599,11,80782
5/20/2020,6735,2467,1,13,290,120,260,5,1045,0,24747,27,45697,0,620,11,82038
5/21/2020,6768,2479,1,13,290,121,260,5,1046,0,25098,27,46412,0,622,11,83153
5/22/2020,6800,2507,1,13,292,121,260,5,1048,0,25514,27,47017,0,627,11,84243
5/23/2020,6818,2517,1,13,292,121,260,5,1049,0,25887,27,47519,0,630,11,85150
5/24/2020,6860,2517,1,13,292,121,260,5,1050,0,26251,27,48063,0,632,11,86103
5/25/2020,6879,2530,1,13,292,121,260,5,1051,0,26672,27,48571,0,634,11,87067
5/26/2020,6901,2541,1,13,292,122,260,5,1052,0,26956,27,49019,0,634,11,87834
5/27/2020,6926,2550,1,13,292,123,260,5,1053,0,27282,27,49539,0,637,11,88719
5/28/2020,6955,2558,1,13,294,126,261,5,1055,0,27607,27,49954,0,639,11,89506
5/29/2020,6979,2562,1,13,294,128,261,5,1055,0,28221,27,50377,0,641,11,90575
5/30/2020,6992,2573,1,13,294,129,261,5,1056,0,28555,27,50775,0,645,11,91337
5/31/2020,7010,2573,1,13,295,132,261,5,1056,0,28969,27,51068,0,646,11,92067
6/1/2020,7044,2597,1,13,295,132,261,5,1057,0,29378,27,51396,0,646,11,92863
6/2/2020,7057,2601,0,13,297,133,261,5,1057,0,29758,27,51624,0,646,11,93490
6/3/2020,7076,2623,0,13,298,135,261,5,1058,0,30117,27,51901,0,647,11,94172
6/4/2020,7091,2632,0,13,298,136,261,5,1058,0,30417,27,52157,0,648,11,94754
6/5/2020,7098,2632,0,13,300,136,261,5,1058,0,30691,27,52400,0,649,11,95281
6/6/2020,7138,2632,0,13,300,136,261,5,1058,0,30928,27,52646,0,650,11,95805
6/7/2020,7138,2632,0,13,300,137,261,5,1059,0,31149,27,52835,0,650,11,96217
6/8/2020,7202,2659,0,13,300,146,261,5,1059,0,31378,27,52953,0,654,11,96668
6/9/2020,7229,2669,0,13,300,147,261,5,1060,0,31606,27,53118,0,656,11,97102
6/10/2020,7276,2680,0,13,300,151,261,5,1061,0,31859,27,53290,0,658,11,97592
6/11/2020,7316,2694,0,13,300,153,261,5,1061,0,32059,27,53444,0,660,11,98004
6/12/2020,7346,2709,0,13,301,154,261,5,1061,0,32295,27,53619,0,663,11,98465
6/13/2020,7383,2709,0,13,303,157,261,5,1061,0,32472,27,53740,0,664,11,98806
6/14/2020,7433,2709,0,13,304,157,261,5,1061,0,32628,27,53834,0,665,11,99108
6/15/2020,7453,2745,0,13,304,160,261,5,1061,0,32816,27,53946,0,683,11,99485
6/16/2020,7482,2756,0,13,304,163,261,5,1061,0,32997,27,54080,0,684,11,99844
6/17/2020,7530,2775,0,13,306,164,261,5,1061,0,33185,27,54201,0,693,11,100232
6/18/2020,7579,2783,0,13,308,164,261,5,1061,0,33382,27,54336,0,708,11,100638
6/19/2020,7625,2790,0,13,311,164,261,5,1061,0,33573,27,54469,0,716,11,101026
6/20/2020,7673,2790,0,13,313,164,261,5,1061,0,33733,27,54564,0,726,11,101341
6/21/2020,7704,2790,0,13,313,164,261,5,1061,0,33909,27,54645,0,746,11,101649
6/22/2020,7736,2822,0,13,314,164,261,5,1061,0,34109,27,54730,0,751,11,102004
6/23/2020,7781,2835,0,13,314,165,261,5,1061,0,34272,27,54824,0,753,11,102322
6/24/2020,7825,2849,0,13,315,165,261,5,1061,0,34440,27,54913,0,757,11,102642
6/25/2020,7851,2869,0,13,316,165,261,5,1061,0,34595,27,55003,0,759,11,102936
6/26/2020,7888,2878,0,13,318,165,261,5,1061,0,34776,27,55088,0,772,11,103263
6/27/2020,7957,2878,0,13,322,165,261,5,1061,0,35012,27,55176,0,777,11,103665
6/28/2020,7996,2878,0,13,322,165,261,5,1061,0,35227,27,55234,0,778,11,103978
6/29/2020,8067,2904,0,13,324,165,261,5,1061,0,35365,27,55292,0,779,11,104274
6/30/2020,8108,2916,0,13,325,165,261,5,1062,0,35540,27,55390,0,785,11,104608
7/1/2020,8108,2916,0,13,325,165,261,5,1062,0,35689,27,55463,0,785,11,104830
7/2/2020,8202,2940,0,13,325,165,261,5,1064,0,35838,27,55533,0,795,11,105179
7/3/2020,8259,2947,0,13,325,165,261,5,1064,0,36001,27,55623,0,796,11,105497
7/4/2020,8259,2947,0,13,325,165,261,5,1064,0,36134,30,55715,0,796,11,105725
7/5/2020,8259,2947,0,13,325,165,261,5,1064,0,36232,32,55772,0,796,11,105882
7/6/2020,8389,2978,0,13,325,165,261,5,1065,0,36345,32,55840,0,805,11,106234
7/7/2020,8436,2990,0,13,325,165,261,5,1065,0,36491,32,55947,0,806,11,106547
7/8/2020,8482,3008,0,13,325,165,261,5,1066,0,36645,32,56047,0,808,11,106868
7/9/2020,8519,3028,0,13,325,166,261,5,1066,0,36785,33,56177,0,813,11,107202
7/10/2020,8596,3053,0,13,325,166,262,5,1066,0,36916,33,56289,0,815,11,107550
7/11/2020,8596,3053,0,13,325,166,262,5,1066,0,37055,33,56390,0,815,11,107790
7/12/2020,8596,3053,0,13,325,166,262,5,1066,0,37193,34,56465,0,815,11,108004
7/13/2020,8826,3053,0,13,325,166,262,5,1066,0,37311,35,56602,0,871,11,108546
7/14/2020,8912,3128,0,13,330,167,262,5,1066,0,37434,36,56732,0,876,11,108972
7/15/2020,8994,3149,0,13,330,168,262,5,1067,0,37583,36,56879,0,881,11,109378
7/16/2020,9114,3170,0,13,331,168,262,5,1067,0,37743,36,57017,0,923,11,109860
7/17/2020,9219,3198,0,13,336,168,262,5,1067,0,37923,36,57213,0,936,13,110389
7/18/2020,9219,3198,0,13,337,168,262,5,1067,0,38113,36,57401,0,941,13,110773
7/19/2020,9219,3198,0,13,343,169,262,5,1067,0,38229,36,57529,0,943,13,111026
7/20/2020,9587,3300,0,13,354,170,262,5,1067,0,38392,36,57660,0,962,13,111821
7/21/2020,9728,3328,0,13,366,170,263,5,1067,0,38512,36,57810,0,970,13,112281
7/22/2020,9728,3328,0,13,374,170,264,5,1067,0,38651,36,57984,0,1030,13,112663
7/23/2020,9975,3392,0,13,375,170,264,5,1067,0,38841,36,58176,0,1072,13,113399
7/24/2020,10086,3392,0,13,384,170,265,5,1067,0,38969,36,58336,0,1099,14,113836
7/25/2020,10086,3419,0,13,388,170,265,5,1067,0,39075,36,58498,0,1136,14,114172
7/26/2020,10086,3419,0,13,394,170,266,5,1067,0,39186,36,58645,0,1178,14,114479
7/27/2020,10390,3500,0,13,400,170,266,5,1067,0,39306,36,58734,0,1209,14,115110
7/28/2020,10470,3523,0,13,405,170,266,5,1067,0,39436,36,58864,0,1218,14,115487
7/29/2020,10603,3562,0,13,407,170,266,5,1067,0,39536,36,59041,0,1268,14,115988
7/30/2020,10716,3591,0,13,409,170,266,5,1067,0,39647,36,59194,0,1306,14,116434
7/31/2020,10843,3641,0,13,415,170,266,5,1069,0,39767,36,59328,0,1319,14,116886
8/1/2020,10843,3641,0,13,417,170,266,5,1069,0,39874,36,59458,0,1334,14,117140
8/2/2020,10843,3641,0,13,435,170,266,5,1071,0,39938,36,59550,0,1342,14,117324
8/3/2020,10843,3641,0,13,442,170,266,5,1071,0,40037,36,59694,0,1359,14,117591
8/4/2020,11146,3787,0,13,443,170,266,5,1071,0,40117,36,59844,0,1368,14,118280
8/5/2020,11240,3834,0,13,444,174,266,5,1071,0,40196,36,59969,0,1376,14,118638
8/6/2020,11296,3881,0,13,474,176,266,5,1071,0,40291,36,60061,0,1387,14,118971
8/7/2020,11430,3934,0,13,491,176,267,5,1071,0,40377,36,60189,0,1409,15,119413
8/8/2020,11430,3934,0,13,507,176,267,5,1071,0,40462,36,60303,0,1433,15,119652
8/9/2020,11430,3934,0,13,542,176,267,5,1071,0,40541,36,60400,0,1445,15,119875
8/10/2020,11687,4065,0,13,558,176,268,5,1071,0,40614,36,60500,0,1450,15,120458
8/11/2020,11772,4111,0,13,562,177,268,5,1071,0,40711,36,60600,0,1479,15,120820
8/12/2020,11893,4111,0,13,578,178,268,5,1071,0,40806,41,60690,0,1484,15,121153
8/13/2020,11969,4274,0,13,603,180,268,5,1071,0,40909,41,60788,0,1511,15,121647
8/14/2020,12053,4358,0,13,643,180,268,5,1072,0,41007,41,60863,0,1541,15,122059
8/15/2020,12053,4358,0,13,663,184,268,5,1074,0,41100,41,60929,0,1566,15,122269
8/16/2020,12053,4358,0,13,697,186,268,5,1074,0,41181,41,60973,0,1580,15,122444
8/17/2020,12053,4358,0,13,731,186,268,5,1075,0,41299,41,61023,0,1581,15,122648
8/18/2020,12419,4677,0,13,748,186,268,5,1075,0,41415,44,61104,0,1582,15,123551
8/19/2020,12501,4745,0,13,763,186,268,5,1076,0,41527,44,61177,0,1586,15,123906
8/20/2020,12501,4745,0,13,796,186,268,5,1077,0,41630,44,61282,0,1590,15,124152
8/21/2020,12748,4915,0,13,830,188,268,5,1077,0,41771,44,61388,0,1595,15,124857
8/22/2020,12748,4915,0,13,872,188,268,5,1078,0,41857,44,61460,0,1597,15,125060
8/23/2020,12748,4915,0,13,944,189,268,5,1080,0,41966,44,61536,0,1600,15,125323
8/24/2020,13006,5184,0,13,993,189,268,5,1080,0,42086,44,61580,0,1601,15,126064
8/25/2020,13083,5242,0,13,1018,190,268,5,1080,0,42198,44,61678,0,1601,15,126435
8/26/2020,13210,5304,0,13,1043,190,268,5,1081,0,42338,44,61804,0,1604,15,126919
8/27/2020,13318,5372,0,13,1064,190,268,5,1081,0,42489,44,61926,0,1609,15,127394
8/28/2020,13476,5496,0,13,1096,191,269,5,1083,0,42622,44,62035,0,1611,15,127956
8/29/2020,13476,5496,0,13,1155,191,269,5,1083,0,42746,44,62175,0,1615,15,128283
8/30/2020,13476,5496,0,13,1186,191,269,5,1083,0,42875,44,62293,0,1615,15,128561
8/31/2020,13902,5790,0,13,1214,191,269,5,1085,0,43024,44,62423,0,1619,15,129594
9/1/2020,14066,5848,0,13,1232,191,269,5,1085,0,43164,44,62577,0,1622,15,130131
9/2/2020,14180,5952,0,13,1244,192,269,5,1085,0,43314,44,62761,0,1624,15,130698
9/3/2020,14310,6041,0,13,1264,192,269,5,1085,0,43488,46,62988,0,1634,15,131350
9/4/2020,14474,6162,0,13,1273,192,269,5,1085,0,43643,46,63173,0,1638,15,131988
9/5/2020,14474,6162,0,13,1294,192,270,5,1085,0,43800,47,63368,0,1643,15,132368
9/6/2020,14474,6162,0,13,1323,192,270,5,1085,0,44000,47,63562,0,1651,15,132799
9/7/2020,14474,6162,0,13,1338,192,270,5,1086,0,44195,51,63753,0,1662,15,133216
9/8/2020,15093,6591,0,13,1349,192,270,5,1086,0,44413,53,63945,0,1669,15,134694
9/9/2020,15093,6591,0,13,1365,192,270,5,1086,0,44648,55,64197,0,1670,15,135200
9/10/2020,15304,6830,0,13,1378,193,270,5,1086,0,44900,55,64457,0,1676,15,136182
9/11/2020,15415,6962,0,13,1393,193,270,5,1086,0,45139,55,64763,0,1688,15,136997
9/12/2020,15415,6962,0,13,1410,193,271,5,1086,0,45444,55,65058,0,1709,15,137636
9/13/2020,15415,6962,0,13,1428,193,271,5,1086,0,45669,55,65374,0,1726,15,138212
9/14/2020,15833,7279,0,13,1449,194,271,5,1086,0,45959,55,65651,0,1731,15,139541
9/15/2020,15957,7376,0,13,1466,194,271,5,1086,0,46318,57,65972,0,1741,15,140471
9/16/2020,16128,7498,0,13,1489,194,271,5,1086,0,46693,57,66275,0,1751,15,141475
9/17/2020,16274,7663,0,13,1500,194,271,5,1086,0,47129,57,66626,0,1757,15,142590
9/18/2020,16381,7842,0,13,1540,194,272,5,1086,0,47577,57,67113,0,1776,15,143871
9/19/2020,16381,7842,0,13,1558,194,272,5,1086,0,48017,57,67610,0,1787,15,144837
9/20/2020,16381,7842,0,13,1586,194,272,5,1086,0,48400,57,68113,0,1807,15,145771
9/21/2020,16739,8208,0,13,1608,196,272,5,1086,0,48847,57,68591,0,1814,15,147451
9/22/2020,16889,8304,0,13,1632,196,272,5,1087,0,49257,57,69113,0,1824,15,148664
9/23/2020,17032,8395,0,13,1674,197,272,5,1087,0,49710,58,69801,0,1830,15,150089
9/24/2020,17190,8395,0,13,1711,199,272,5,1087,0,50212,58,70527,0,1835,15,151519
9/25/2020,17343,8641,0,13,1764,200,272,5,1087,0,50799,58,71270,0,1846,15,153313
9/26/2020,17343,8641,0,13,1829,200,272,5,1087,0,51437,58,72183,0,1863,15,154946
9/27/2020,17343,8641,0,13,1880,200,273,5,1087,0,51978,58,73033,0,1878,15,156404
9/28/2020,17749,8908,0,13,1919,200,273,5,1087,0,52546,58,73942,0,1892,15,158607
9/29/2020,17909,9013,0,13,1953,200,273,5,1087,0,53213,59,74900,0,1899,15,160539
9/30/2020,18062,9138,0,13,1993,200,274,5,1088,0,53883,59,75917,0,1913,15,162560
10/1/2020,18235,9220,0,13,2029,200,275,5,1088,0,54504,59,76874,0,1927,15,164444
10/2/2020,18357,9381,0,13,2072,200,275,5,1089,0,55162,59,78043,0,1940,15,166611
10/3/2020,18357,9381,0,13,2108,201,276,5,1089,0,55716,59,79198,0,1954,15,168372
10/4/2020,18357,9381,0,13,2140,201,277,5,1089,0,56288,61,80247,0,1959,15,170033
10/5/2020,18935,9739,0,13,2191,203,277,5,1089,0,56864,61,81092,0,1968,15,172452
10/6/2020,19211,9841,0,13,2246,205,277,5,1089,0,57571,61,82093,0,1984,15,174611
10/7/2020,19354,9956,0,13,2278,222,277,5,1089,0,58386,61,83069,0,1994,15,176719
10/8/2020,19718,10066,0,13,2344,225,277,5,1089,0,59130,61,84166,0,2012,15,179121
10/9/2020,19995,10185,0,13,2428,238,279,5,1089,0,59928,61,85306,0,2034,15,181576
10/10/2020,19995,10185,0,13,2524,258,282,5,1092,0,60616,61,86216,0,2068,15,183330
10/11/2020,19995,10185,0,13,2578,272,282,5,1092,0,61339,63,87296,0,2092,15,185227
10/12/2020,19995,10185,0,13,2655,278,283,5,1092,0,61936,63,88092,0,2140,15,186752
10/13/2020,20956,10734,0,13,2779,284,283,5,1092,0,62783,63,89041,0,2174,15,190222
10/14/2020,21199,10892,0,13,2925,292,283,5,1092,0,63645,63,90138,0,2199,15,192761
10/15/2020,21443,11034,0,13,3098,292,284,5,1092,0,64396,65,91285,0,2232,15,195254
10/16/2020,21775,11189,0,13,3173,297,287,5,1093,0,65095,63,92419,0,2270,15,197694
10/17/2020,21775,11189,0,13,3173,297,287,5,1095,0,65785,63,93474,0,2306,15,199477
10/18/2020,21775,11189,0,13,3302,310,287,5,1097,0,66576,63,94448,0,2330,15,201410
10/19/2020,22673,11687,0,13,3382,313,287,5,1097,0,67324,63,95294,0,2396,17,204551
10/20/2020,22996,11854,0,13,3491,313,287,5,1097,0,68120,64,96332,0,2439,17,207028
10/21/2020,23402,12057,0,13,3626,319,287,8,1097,0,68988,64,97313,0,2496,17,209687
10/22/2020,23829,12057,0,13,3773,322,288,8,1097,0,69964,64,98245,0,2558,17,212235
10/23/2020,24261,12554,0,13,3935,324,288,9,1097,0,70906,64,99281,0,2591,17,215340
10/24/2020,24261,12554,0,13,4088,326,289,9,1100,0,71842,64,100119,0,2669,20,217354
10/25/2020,24261,12554,0,13,4249,328,290,9,1100,0,72723,64,100944,0,2729,20,219284
10/26/2020,25733,13371,0,13,4349,331,291,9,1101,0,73514,64,101933,0,2783,22,223514
10/27/2020,26155,13588,0,13,4532,334,291,9,1102,0,74409,64,102903,0,2841,22,226263
10/28/2020,26565,13875,0,13,4701,337,291,9,1102,0,75358,64,103894,0,2908,22,229139
10/29/2020,27042,14109,0,13,4894,341,291,10,1102,0,76258,64,104958,0,2990,23,232095
10/30/2020,27664,14381,0,13,5374,342,291,10,1104,0,77279,64,105911,0,3066,23,235522
10/31/2020,27664,14381,0,13,5723,343,291,10,1109,0,78185,64,106894,0,3144,23,237844
11/1/2020,27664,14381,0,13,6034,344,291,10,1111,0,79290,64,107918,0,3218,23,240361
11/2/2020,27664,15501,0,13,6275,344,291,10,1113,0,80261,64,108814,0,3292,23,243665
11/3/2020,29932,15800,0,13,6377,344,291,10,1114,0,81167,64,109878,0,3373,23,248386
11/4/2020,29932,16135,0,13,6751,347,292,10,1118,0,82110,64,111042,0,3408,23,251245
11/5/2020,30447,16560,0,13,7177,349,294,10,1119,0,83380,64,112313,0,3536,23,255285
11/6/2020,31858,17149,0,13,7419,350,294,10,1121,1,84658,66,113509,0,3623,23,260094
11/7/2020,32777,17716,0,13,7689,353,296,10,1125,1,85770,66,114747,0,3738,23,264324
11/8/2020,33504,17716,0,13,8130,354,297,10,1128,2,87086,66,116050,0,3897,23,268276
11/9/2020,34160,18714,0,13,8495,355,297,10,1129,2,88559,66,117257,0,4087,23,273167
11/10/2020,34873,19239,0,13,8878,355,297,10,1132,2,90143,67,118562,0,4214,23,277808
11/11/2020,35545,19239,0,13,9308,355,298,11,1134,3,91653,68,119952,0,4326,23,281928
11/12/2020,36405,20369,0,13,9782,356,298,11,1134,3,93235,68,121284,0,4437,24,287419
11/13/2020,37312,20986,0,13,10216,358,299,15,1136,4,94680,68,122659,0,4513,24,292283
11/14/2020,38338,20986,0,13,10453,364,301,15,1142,8,96138,68,123898,0,4820,24,296568
11/15/2020,39329,20986,0,13,10947,367,303,15,1144,18,97447,68,125011,0,5001,24,300673
11/16/2020,40189,22945,0,13,11339,375,303,15,1146,24,98832,68,126036,0,5182,24,306491
11/17/2020,40962,23662,0,13,11608,379,305,15,1151,58,100085,68,127162,0,5422,24,310914
11/18/2020,41692,24422,0,13,12007,388,307,15,1154,68,101550,68,128366,0,5553,25,315628
11/19/2020,42797,24960,0,13,12482,392,308,15,1155,72,103029,68,129674,0,5651,27,320643
11/20/2020,43952,25474,0,13,12919,401,311,15,1160,82,104667,68,130821,0,5804,29,325716
11/21/2020,45288,25474,0,13,13304,424,316,15,1168,107,106165,68,131937,0,6237,29,330545
11/22/2020,46872,25474,0,13,13544,430,319,15,1179,128,107488,68,133144,0,6473,32,335179
11/23/2020,48421,27407,0,13,14087,445,321,15,1190,134,108882,69,134221,0,6708,38,341951
11/24/2020,49536,28348,0,13,14558,450,323,15,1227,144,110312,69,135452,13,6883,38,347381
11/25/2020,50801,29086,0,13,14907,453,324,15,1243,155,112026,69,136835,13,7047,39,353026
11/26/2020,51878,29973,0,13,15288,465,327,15,1257,155,113860,70,138170,13,7362,42,358888
11/27/2020,53105,30884,0,13,15632,477,331,15,1266,159,115613,70,139443,13,7691,45,364757
11/28/2020,54836,30884,0,13,16118,481,333,15,1280,164,117325,72,140874,13,7888,45,370341
11/29/2020,56444,30884,0,13,16483,495,337,15,1290,177,119031,72,142256,13,8239,45,375794
11/30/2020,58177,33238,0,13,16825,501,338,15,1305,181,120657,72,143522,13,8564,47,383468
12/1/2020,59484,33894,0,13,17107,508,339,15,1315,182,122495,72,145039,13,8745,47,389268
12/2/2020,61169,34728,0,13,17384,514,340,15,1332,193,124247,72,146584,13,8982,50,395636
12/3/2020,63023,35422,0,13,17751,520,340,15,1343,198,126074,72,148087,13,9243,51,402165
12/4/2020,64851,36132,0,13,18069,528,343,15,1358,206,127954,73,149853,13,9526,54,408988
12/5/2020,66730,36132,0,13,18423,530,347,15,1364,214,130038,73,151496,13,9729,54,415171
12/6/2020,68566,36132,0,13,18806,534,351,15,1368,216,131784,80,153032,13,10138,54,421102
12/7/2020,70301,38152,0,13,19131,536,351,15,1376,219,133600,84,154658,13,10411,57,428917
12/8/2020,72028,38718,0,13,19376,541,352,15,1383,220,135464,84,156317,13,10596,58,435178
12/9/2020,73488,39337,0,13,19655,542,353,15,1389,229,137405,84,158063,13,10898,58,441542
12/10/2020,75054,40060,0,13,19947,546,354,15,1393,229,139295,84,159823,13,11222,58,448106
12/11/2020,76792,40797,0,13,20392,554,355,20,1402,245,141192,84,161734,13,11473,58,455124
12/12/2020,78382,40797,0,13,20750,555,358,21,1409,247,143139,84,163726,13,11747,58,461299
12/13/2020,80099,40797,0,13,21023,557,358,21,1415,247,145149,84,165488,13,11969,58,467291
12/14/2020,81986,42943,0,13,21264,558,359,21,1420,256,147243,89,167376,13,12236,59,475836
12/15/2020,83327,43463,0,13,21535,559,359,22,1426,258,149470,89,169164,13,12430,59,482187
12/16/2020,84597,44103,0,13,21826,567,364,22,1430,258,151790,89,171282,13,12592,59,489005
12/17/2020,86168,44776,0,13,22047,573,367,23,1436,259,154138,90,173598,13,12830,59,496390
12/18/2020,87581,45400,0,13,22397,573,372,24,1442,259,156570,90,175716,13,13075,59,503584
12/19/2020,88933,45400,0,13,22630,578,380,24,1443,259,158836,90,177772,13,13327,59,509757
12/20/2020,90219,45400,0,13,22859,574,382,24,1445,259,161199,90,179737,13,13553,59,515826
12/21/2020,91459,47067,0,13,23025,578,382,24,1447,262,163432,90,181844,13,13759,59,523454
12/22/2020,92480,47510,0,13,23180,580,383,24,1454,262,165990,91,183998,13,13941,59,529978
12/23/2020,93781,48027,0,13,23381,585,384,24,1458,264,168266,91,186221,13,14100,59,536667
12/24/2020,94788,48609,0,13,23624,587,384,24,1465,265,170222,94,188618,13,14254,60,543020
12/25/2020,95979,48609,0,13,23624,588,384,24,1465,265,172427,94,190916,13,14483,60,548944
12/26/2020,96893,48609,0,13,23624,590,384,24,1465,265,174669,94,193003,13,14615,60,554321
12/27/2020,97352,48609,0,13,24145,592,387,24,1465,265,176872,94,195161,13,14813,60,559865
12/28/2020,98269,48609,0,13,24252,593,389,24,1478,266,179700,94,197468,13,14907,60,566135
12/29/2020,99141,50815,0,13,24385,595,390,24,1480,266,182916,94,200327,13,15021,60,575540
12/30/2020,100428,51300,0,13,24513,596,390,24,1483,266,185786,94,203129,13,15159,60,583254
12/31/2020,100428,51990,0,13,24700,599,390,24,1486,266,189176,94,205661,13,15349,60,590249
1/1/2021,100428,51990,0,13,24700,601,390,24,1497,266,192482,94,208390,13,15634,60,596582
1/2/2021,100428,51990,0,13,25026,611,390,24,1499,266,195341,94,210797,13,15844,60,602396
1/3/2021,104228,51990,0,13,25126,618,390,24,1501,266,198656,94,212962,13,16080,60,612021
1/4/2021,105535,54201,0,13,25244,635,391,24,1505,266,201866,96,215517,13,16367,65,621738
1/5/2021,106378,54629,0,13,25374,662,392,24,1508,266,205222,97,218103,13,16520,65,629266
1/6/2021,107501,55254,0,13,25541,693,392,24,1520,266,209023,97,220970,13,16804,66,638177
1/7/2021,108469,56015,0,13,25742,717,392,24,1523,266,213121,102,223803,13,17139,69,647408
1/8/2021,109652,56632,0,13,25963,735,392,24,1525,266,216887,102,226549,13,17475,70,656298
1/9/2021,110641,56632,0,13,26166,765,392,24,1528,266,220212,102,228557,13,17807,70,663188
1/10/2021,111452,56632,0,13,26316,779,393,24,1528,266,223300,102,230590,13,18114,70,669592
1/11/2021,112091,58107,0,13,26450,800,393,24,1533,266,226241,102,232383,13,18526,70,677012
1/12/2021,112743,58553,0,13,26540,817,393,24,1534,266,229405,103,234567,13,18774,70,683815
1/13/2021,113618,59072,0,13,26695,836,393,24,1542,266,232659,103,236581,13,19021,70,690906
1/14/2021,114585,59608,0,13,26954,859,394,24,1548,266,235627,103,238528,13,19333,70,697925
1/15/2021,115370,60117,0,13,27145,884,395,25,1550,266,238798,103,240410,13,19715,70,704874
1/16/2021,116087,60117,0,13,27322,911,395,25,1554,266,241478,103,242336,13,19985,70,710675
1/17/2021,116837,60117,0,13,27511,947,396,28,1557,266,243580,103,243849,13,20272,70,715559
1/18/2021,117311,61447,0,13,27629,973,396,28,1557,266,246044,108,245187,13,20562,70,721604
1/19/2021,117767,61912,0,13,27740,1004,396,30,1561,266,248463,110,246704,13,20871,70,726920
1/20/2021,118436,62412,0,13,27893,1025,396,30,1564,266,251137,110,248277,13,21112,70,732754
1/21/2021,119114,62976,0,13,28089,1057,397,31,1565,266,253485,110,250073,13,21338,70,738597
1/22/2021,119757,63484,0,13,28260,1087,398,31,1570,267,255955,110,251607,13,21643,70,744265
1/23/2021,120330,63484,0,13,28476,1104,398,31,1570,267,257847,110,252937,13,21917,70,748567
1/24/2021,120793,63484,0,13,28697,1124,398,31,1571,280,259644,110,254102,13,22177,70,752507
1/25/2021,121535,64828,0,13,28810,1151,398,31,1571,282,261311,110,255320,13,22416,70,757859
1/26/2021,121901,65234,0,13,28902,1161,398,31,1572,282,263219,110,256671,13,22646,70,762223
1/27/2021,122360,65719,0,13,28996,1175,400,31,1576,282,265191,110,257944,13,22794,70,766674
1/28/2021,122821,66265,0,13,29128,1202,404,31,1576,283,267133,110,259231,13,23038,70,771318
1/29/2021,123364,66779,0,13,29280,1218,408,31,1577,283,268981,111,260512,13,23366,70,776006
1/30/2021,123747,66779,0,13,29446,1230,408,31,1580,284,270626,111,261745,13,23626,70,779709
1/31/2021,124208,66779,0,13,29564,1256,408,31,1580,294,272098,111,262623,13,23864,70,782912
2/1/2021,124563,67937,0,13,29651,1264,408,31,1581,294,273377,111,263599,13,24011,70,786923
2/2/2021,124831,68366,0,13,29733,1288,408,32,1582,294,274810,111,264766,13,24236,70,790553
2/3/2021,125090,68780,0,13,29858,1302,410,32,1583,294,276319,112,265848,13,24430,70,794154
2/4/2021,125672,69245,0,13,29968,1318,411,32,1584,296,277741,112,266928,13,24680,70,798083
2/5/2021,126068,69716,0,13,30078,1325,412,32,1584,296,279235,112,268147,13,24946,70,802047
2/6/2021,126416,69716,0,13,30158,1337,415,32,1584,299,280451,112,269193,13,25209,70,805018
2/7/2021,126767,69716,0,13,30237,1344,416,32,1585,299,281559,112,270030,13,25403,70,807596
2/8/2021,127036,70952,0,13,30289,1346,427,32,1586,299,282546,112,270807,13,25574,70,811102
2/9/2021,127231,71387,0,13,30360,1361,457,33,1587,299,283695,114,271776,13,25654,70,814050
2/10/2021,127570,71856,0,13,30417,1375,510,34,1588,300,285018,114,272938,13,25843,70,817659
2/11/2021,127921,72305,0,13,30507,1377,610,38,1590,303,286264,114,273953,13,25957,70,821035
2/12/2021,128235,72750,0,13,30588,1382,660,38,1590,303,287469,114,274974,13,26145,71,824345
2/13/2021,128540,72750,0,13,30687,1398,686,38,1592,308,288460,114,275807,13,26389,71,826866
2/14/2021,128824,72750,0,13,30766,1400,697,38,1593,311,289406,114,276530,13,26550,71,829076
2/15/2021,129075,72750,0,13,30766,1401,704,38,1594,311,290299,114,277201,13,26693,72,831044
2/16/2021,129338,74283,0,13,30932,1404,711,38,1597,323,291307,114,278048,13,26829,72,835022
2/17/2021,129615,74710,0,13,31007,1407,755,42,1600,324,292428,114,278830,13,26953,72,837883
2/18/2021,130030,75327,0,13,31145,1411,803,42,1602,330,293642,114,279690,13,27099,72,841333
2/19/2021,130355,75835,0,13,31235,1417,863,42,1604,332,294870,114,280468,13,27245,72,844478
2/20/2021,130735,75835,0,13,31329,1420,901,42,1608,338,296007,114,281186,13,27438,72,847051
2/21/2021,131063,75835,0,13,31386,1424,926,42,1609,339,297001,114,282002,13,27620,72,849459
2/22/2021,131336,77263,0,13,31483,1424,939,42,1610,351,297938,114,282638,13,27797,72,853033
2/23/2021,131603,77822,0,13,31551,1424,954,42,1613,351,299091,115,283469,13,27923,72,856056
2/24/2021,132033,78278,0,13,31590,1426,962,42,1616,351,300300,115,284324,13,27980,72,859115
2/25/2021,132432,78673,0,13,31657,1427,972,42,1624,355,301546,115,285136,13,28191,72,862268
2/26/2021,132788,79194,0,13,31721,1428,976,42,1634,356,302676,120,286006,13,28344,72,865383
2/27/2021,133203,79194,0,13,31809,1430,980,42,1638,356,303795,120,286714,13,28506,72,867885
2/28/2021,133504,79194,0,13,31859,1430,987,42,1641,357,304842,132,287289,13,28647,72,870022
3/1/2021,133795,80672,0,13,31894,1431,989,42,1642,358,305806,132,287874,13,28801,72,873534
3/2/2021,134052,81367,0,13,31950,1435,994,42,1643,359,306937,136,288637,13,28938,72,876588
3/3/2021,134454,81909,0,13,32000,1438,997,42,1646,359,308080,136,289322,13,29059,72,879540
3/4/2021,134785,82473,0,13,32051,1443,1002,42,1649,369,309330,136,290181,13,29220,72,882779
3/5/2021,135196,83107,0,13,32104,1447,1003,42,1651,373,310622,136,290885,13,29430,72,886094
3/6/2021,135537,83107,0,13,32170,1453,1005,42,1657,377,311945,136,291628,13,29593,72,888748
3/7/2021,135837,83107,0,13,32225,1455,1006,42,1659,381,313223,136,292239,13,29709,72,891117
3/8/2021,136119,84569,0,13,32288,1460,1009,42,1659,381,314460,141,292852,13,29805,72,894883
3/9/2021,136374,85119,0,13,32350,1460,1010,42,1664,381,315707,143,293648,13,29918,72,897914
3/10/2021,136773,85650,0,13,32421,1460,1010,42,1665,381,317087,143,294366,13,30028,72,901124
3/11/2021,137137,86219,0,13,32509,1462,1011,42,1665,381,318580,143,295122,13,30193,72,904562
3/12/2021,137562,86867,0,13,32607,1465,1012,42,1665,381,320188,143,295934,13,30369,72,908333
3/13/2021,138036,86867,0,13,32699,1465,1012,42,1669,383,321619,143,296594,13,30522,72,911149
3/14/2021,138424,86867,0,13,32743,1470,1012,42,1670,383,322882,143,297201,13,30617,72,913552
3/15/2021,138788,88373,0,13,32793,1471,1012,42,1670,383,324163,143,297774,13,30727,72,917437
3/16/2021,139143,88929,0,13,32903,1476,1013,42,1672,383,325735,143,298495,13,30883,72,920915
3/17/2021,139622,89427,0,13,32996,1477,1013,42,1674,383,327475,144,299224,13,30970,72,924545
3/18/2021,140127,90049,0,13,33085,1484,1014,42,1677,395,329286,144,299986,13,31085,72,928472
3/19/2021,140823,90786,0,13,33176,1486,1014,42,1680,395,331124,144,300792,13,31259,72,932819
3/20/2021,141379,90786,0,13,33263,1489,1014,42,1682,395,332914,144,301473,13,31459,72,936138
3/21/2021,141934,90786,0,13,33353,1490,1014,42,1688,395,334526,144,302138,13,31637,72,939245
3/22/2021,142390,92571,0,13,33418,1498,1014,42,1690,395,336385,144,302846,13,31841,72,944332
3/23/2021,142855,93253,0,13,33511,1505,1014,42,1691,395,338258,152,303611,13,31991,72,948376
3/24/2021,143547,93969,0,13,33591,1517,1015,42,1696,395,340532,152,304641,13,32178,72,953373
3/25/2021,144311,94769,0,13,33696,1546,1015,42,1699,395,342822,152,305648,13,32346,73,958540
3/26/2021,145028,95677,0,13,33810,1559,1015,42,1704,395,345454,152,306657,13,32559,73,964151
3/27/2021,145696,95677,0,13,33867,1571,1015,42,1709,395,347675,156,307588,13,32783,73,968273
3/28/2021,146340,95677,0,13,33922,1577,1016,42,1711,395,349923,156,308412,13,33031,73,972301
3/29/2021,146885,98195,0,13,33975,1588,1016,42,1711,395,352259,156,309354,13,33235,73,978910
3/30/2021,147461,99035,0,13,34052,1601,1018,42,1714,395,354818,159,310351,13,33399,73,984144
3/31/2021,148332,100048,0,13,34122,1613,1019,42,1716,395,357750,159,311776,13,33590,74,990662
4/1/2021,149207,100880,0,13,34174,1623,1020,42,1719,395,360846,159,313062,13,33789,74,997016
4/2/2021,149207,100880,0,13,34174,1632,1020,42,1728,395,363905,159,314350,13,34043,74,1001635
4/3/2021,150307,100880,0,13,34352,1641,1020,42,1732,395,367006,159,315640,13,34323,74,1007597
4/4/2021,150307,100880,0,13,34352,1652,1020,42,1739,395,370012,159,316776,13,34544,74,1011978
4/5/2021,153194,100880,0,13,34487,1662,1020,43,1741,395,373055,159,317995,13,34763,74,1019494
4/6/2021,154125,105988,0,13,34549,1665,1020,43,1747,395,376595,160,319304,13,34982,74,1030673
4/7/2021,155476,106985,0,13,34656,1679,1021,43,1749,395,380448,160,320946,13,35171,74,1038829
4/8/2021,156905,108278,0,13,34793,1686,1022,43,1754,395,384512,160,322666,13,35390,74,1047704
4/9/2021,158426,109540,0,13,34969,1694,1025,43,1756,395,388509,160,324533,13,35747,74,1056897
4/10/2021,159719,109540,0,13,35104,1713,1029,43,1763,395,393147,160,326165,13,35984,74,1064862
4/11/2021,160902,109540,0,13,35213,1722,1029,43,1768,395,397211,160,327660,13,36304,74,1072047
4/12/2021,162038,112829,0,13,35327,1732,1030,43,1775,395,401303,160,329082,13,36604,74,1082418
4/13/2021,163119,113702,0,13,35459,1736,1031,43,1781,395,405575,165,330615,13,36892,75,1090614
4/14/2021,164531,114870,0,13,35539,1752,1034,43,1783,395,410541,165,332132,13,37091,76,1099978
4/15/2021,166177,116075,0,13,35688,1760,1036,43,1786,396,415298,165,333814,13,37394,76,1109734
4/16/2021,167793,117080,0,13,35815,1767,1039,43,1792,408,419104,165,335270,13,37624,76,1118002
4/17/2021,169279,117080,0,13,35992,1778,1042,43,1800,414,423702,165,336562,13,37871,76,1125830
4/18/2021,170795,117080,0,13,36159,1788,1043,43,1807,417,427877,165,337587,13,38158,76,1133021
4/19/2021,172186,120040,0,13,36267,1797,1046,43,1822,423,431548,173,338775,13,38402,77,1142625
4/20/2021,173531,120889,0,13,36470,1797,1048,43,1831,428,435563,174,339999,13,38652,77,1150528
4/21/2021,175230,121751,0,13,36632,1804,1049,45,1856,429,439588,174,341199,13,38883,78,1158744
4/22/2021,177087,122757,0,13,36890,1823,1052,46,1894,432,444076,174,342293,13,39147,80,1167777
4/23/2021,178777,123758,0,13,37069,1839,1053,48,1938,441,448191,175,343211,13,39397,80,1176003
4/24/2021,180369,123758,0,13,37339,1847,1056,48,1990,448,451958,175,344410,13,39683,80,1183187
4/25/2021,181806,123758,0,13,37598,1851,1058,48,2053,455,455647,175,345301,13,39932,80,1189788
4/26/2021,183301,126249,0,13,37808,1858,1062,51,2119,464,458793,175,346270,13,40177,81,1198434
4/27/2021,184840,127048,0,13,38025,1882,1062,51,2215,472,462304,177,347353,13,40401,81,1205937
4/28/2021,186679,127889,0,13,38211,1890,1066,51,2290,478,466331,177,348423,13,40614,81,1214206
4/29/2021,188727,128742,0,13,38439,1900,1068,51,2360,490,470141,177,349538,13,40824,81,1222564
4/30/2021,190734,129482,0,13,38729,1915,1076,51,2427,501,473522,177,350711,13,41098,81,1230530
5/1/2021,193167,129482,0,13,38995,1933,1081,51,2575,509,477228,177,351631,13,41360,81,1238296
5/2/2021,194898,129482,0,13,39274,1939,1099,52,2708,520,480173,177,352408,13,41598,81,1244435
5/3/2021,196910,131656,0,13,39524,1954,1104,59,2854,528,482801,177,353258,13,41817,82,1252750
5/4/2021,198653,132353,0,13,39814,1958,1108,71,3007,535,485692,183,354163,13,42006,82,1259651
5/5/2021,200924,132925,0,13,40085,1969,1114,85,3182,540,488978,183,355057,13,42220,82,1267370
5/6/2021,203135,133619,0,13,40442,1980,1120,98,3364,552,492355,183,356097,13,42400,82,1275453
5/7/2021,205115,134341,0,13,40940,1988,1127,99,3591,553,495355,183,357104,13,42695,82,1283199
5/8/2021,207157,134341,0,13,41425,1996,1133,99,3754,560,498040,183,357918,13,42964,82,1289678
5/9/2021,208790,134341,0,13,41953,2002,1138,99,3917,565,500347,183,358629,13,43141,82,1295213
5/10/2021,210387,136108,0,13,42451,2013,1141,102,4034,572,502460,183,359300,13,43295,82,1302154
5/11/2021,211836,136623,0,13,42779,2015,1156,112,4152,586,505056,187,360134,13,43490,84,1308236
5/12/2021,213635,137223,0,13,43143,2024,1166,114,4297,594,507662,187,360992,13,43703,84,1314850
5/13/2021,215193,137810,0,13,43700,2040,1173,115,4407,606,510049,187,361880,13,43932,84,1321202
5/14/2021,216626,138304,0,13,44189,2045,1179,121,4524,618,512473,187,362670,13,44168,84,1327214
5/15/2021,217821,138304,0,13,44617,2052,1184,121,4610,623,514685,187,363329,13,44364,84,1332007
5/16/2021,218961,138304,0,13,45149,2063,1193,121,4736,624,516409,187,363888,13,44531,84,1336276
5/17/2021,219682,139664,0,13,45579,2073,1203,121,4827,624,518021,187,364465,13,44712,84,1341268
5/18/2021,220559,140075,0,13,45913,2083,1209,125,4917,630,519944,194,365049,13,44841,84,1345649
5/19/2021,221467,140596,0,13,46314,2091,1212,126,5000,634,522059,199,365849,13,44982,84,1350639
5/20/2021,222279,140953,0,13,46916,2098,1216,126,5065,636,523866,199,366525,13,45128,84,1355117
5/21/2021,223011,141373,0,13,47504,2113,1226,127,5149,637,525749,199,367080,13,45310,84,1359588
5/22/2021,223632,141373,0,13,47977,2115,1230,127,5213,638,527341,199,367575,13,45490,84,1363020
5/23/2021,224195,141373,0,13,48436,2129,1253,127,5286,638,528576,199,367924,13,45605,84,1365851
5/24/2021,224647,141373,0,13,48787,2144,1258,127,5335,639,529589,199,368307,13,45709,84,1368224
5/25/2021,225034,142636,0,13,49046,2153,1269,127,5387,640,530593,200,368706,13,45820,84,1371721
5/26/2021,225424,142886,0,13,49356,2163,1273,127,5424,647,531794,200,369167,13,46001,84,1374572
5/27/2021,225937,143264,0,13,49651,2172,1279,127,5457,647,533011,200,369580,13,46163,84,1377598
5/28/2021,226449,143581,0,13,50144,2181,1293,127,5497,648,534047,200,369980,13,46285,84,1380542
5/29/2021,226855,143581,0,13,50499,2191,1302,127,5530,648,535100,200,370283,13,46464,84,1382890
5/30/2021,227246,143581,0,13,50790,2200,1309,127,5550,648,535790,200,370556,13,46635,84,1384742
5/31/2021,227509,144289,0,13,51090,2212,1311,128,5567,648,536474,200,370805,13,46748,84,1387091
6/1/2021,227718,144473,0,13,51316,2215,1317,128,5579,648,537291,204,371088,13,46834,84,1388921
6/2/2021,228128,144667,0,13,51580,2227,1334,128,5593,648,538148,204,371384,13,46966,84,1391117
6/3/2021,228424,144866,0,13,51935,2243,1340,128,5618,648,539004,204,371655,13,47097,84,1393272
6/4/2021,228668,145049,0,13,52261,2253,1342,128,5633,649,539713,204,371889,13,47186,84,1395085
6/5/2021,228961,145049,0,13,52531,2262,1347,128,5651,649,540305,204,372101,13,47285,87,1396586
6/6/2021,229192,145049,0,13,52751,2265,1352,128,5663,649,540795,204,372254,13,47359,87,1397774
6/7/2021,229319,145530,0,13,52919,2266,1354,128,5680,649,541231,204,372417,13,47427,87,1399237
6/8/2021,229458,145695,0,13,53153,2267,1357,128,5694,649,541757,206,372616,13,47517,88,1400611
6/9/2021,229771,145843,0,13,53403,2280,1360,128,5707,649,542357,206,372771,13,47591,92,1402184
6/10/2021,229949,145996,0,13,53650,2283,1365,128,5721,650,542882,206,372987,13,47683,96,1403622
6/11/2021,230119,146176,0,13,53872,2284,1368,128,5726,654,543395,206,373150,13,47769,98,1404971
6/12/2021,230298,146176,0,13,54163,2291,1374,128,5736,657,543822,206,373283,13,47875,98,1406133
6/13/2021,230463,146176,0,13,54357,2298,1375,128,5742,657,544180,206,373402,13,47941,104,1407055
6/14/2021,230578,146453,0,13,54481,2299,1379,128,5749,657,544536,206,373512,13,47996,107,1408107
6/15/2021,230705,146561,0,13,54596,2302,1381,128,5751,657,544916,206,373686,13,48042,120,1409077
6/16/2021,230858,146674,0,13,54739,2305,1382,128,5759,657,545280,206,373836,13,48125,120,1410095
6/17/2021,231008,146794,0,13,54915,2309,1383,128,5773,657,545634,206,373995,13,48220,145,1411193
6/18/2021,231132,146902,0,13,55098,2311,1383,128,5784,657,545958,206,374125,13,48327,145,1412182
6/19/2021,231259,146902,0,13,55238,2316,1383,128,5789,657,546240,206,374213,13,48381,187,1412925
6/20/2021,231359,146902,0,13,55331,2318,1383,128,5791,657,546508,206,374307,13,48441,187,1413544
6/21/2021,231419,147131,0,13,55405,2318,1383,128,5791,657,546708,206,374400,13,48469,187,1414228
6/22/2021,231476,147187,0,13,55467,2319,1384,128,5793,657,546986,206,374528,13,48503,220,1414880
6/23/2021,231568,147271,0,13,55589,2320,1384,128,5793,657,547278,206,374608,13,48537,224,1415589
6/24/2021,231641,147346,0,13,55692,2322,1384,128,5798,657,547576,206,374689,13,48590,242,1416297
6/25/2021,231641,147418,0,13,55777,2323,1384,128,5814,657,547882,206,374793,13,48644,242,1416935
6/26/2021,231641,147418,0,13,55879,2324,1384,128,5825,657,548125,206,374872,13,48706,264,1417455
6/27/2021,231641,147418,0,13,55975,2325,1384,128,5828,657,548331,206,374921,13,48754,264,1417858
6/28/2021,231850,147549,0,13,56036,2326,1385,128,5831,657,548523,206,375018,13,48771,264,1418570
6/29/2021,231911,147578,0,13,56097,2329,1385,128,5832,657,548760,207,375123,13,48823,342,1419198
6/30/2021,231987,147621,0,13,56167,2332,1386,128,5836,657,548993,207,375197,13,48854,357,1419748
7/1/2021,231987,147621,0,13,56167,2332,1386,128,5840,657,549179,207,375276,13,48861,357,1420024
7/2/2021,232097,147705,0,13,56306,2336,1387,128,5842,657,549377,207,375342,13,48882,388,1420680
7/3/2021,232097,147705,0,13,56353,2336,1387,128,5850,657,549596,207,375404,13,48931,388,1421065
7/4/2021,232097,147705,0,13,56417,2337,1387,128,5853,657,549754,207,375444,13,48958,388,1421358
7/5/2021,232236,147790,0,13,56482,2338,1400,128,5854,657,549888,207,375522,13,48978,425,1421931
7/6/2021,232269,147797,0,13,56516,2336,1400,128,5861,657,550110,207,375609,13,48985,435,1422336
7/7/2021,232336,147856,0,13,56586,2336,1400,128,5862,657,550337,208,375678,13,49039,447,1422896
7/8/2021,232359,147919,0,13,56667,2336,1400,128,5864,657,550496,208,375751,13,49152,456,1423419
7/9/2021,232411,148031,0,13,56739,2336,1402,128,5865,657,550668,208,375823,13,49198,461,1423953
7/10/2021,232411,148031,0,13,56826,2336,1402,128,5866,657,550825,208,375883,13,49240,461,1424300
7/11/2021,232411,148031,0,13,56889,2336,1402,128,5869,657,550954,208,375937,13,49260,461,1424569
7/12/2021,232501,148154,0,13,56920,2336,1402,128,5869,657,551068,208,375997,13,49277,480,1425023
7/13/2021,232536,148187,0,13,56943,2336,1407,128,5870,657,551225,208,376077,13,49304,484,1425388
7/14/2021,232582,148228,0,13,56987,2336,1410,128,5870,657,551370,208,376109,13,49311,490,1425712
7/15/2021,232635,148286,0,13,57028,2343,1433,128,5870,657,551558,208,376149,13,49341,497,1426159
7/16/2021,232676,148331,0,13,57065,2345,1433,128,5870,657,551730,208,376192,13,49362,502,1426525
7/17/2021,232676,148331,0,13,57126,2345,1433,128,5870,657,551884,208,376289,13,49397,502,1426872
7/18/2021,232676,148331,0,13,57168,2346,1433,128,5873,657,552012,208,376370,13,49433,502,1427163
7/19/2021,232806,148487,0,13,57204,2346,1437,128,5873,657,552153,208,376431,13,49450,522,1427728
7/20/2021,232875,148563,0,13,57236,2346,1437,128,5873,657,552319,208,376416,13,49472,527,1428083
7/21/2021,232956,148641,0,13,57269,2346,1437,128,5880,657,552495,208,376519,13,49525,534,1428621
7/22/2021,233062,148730,0,13,57322,2347,1437,128,5880,657,552691,208,376429,13,49556,542,1429015
7/23/2021,233160,148842,0,13,57359,2350,1437,128,5882,657,552872,208,376530,13,49608,551,1429610
7/24/2021,233160,148842,0,13,57417,2350,1437,128,5882,657,553019,208,376651,13,49656,551,1429984
7/25/2021,233160,148842,0,13,57446,2350,1437,128,5882,657,553155,208,376753,13,49683,551,1430278
7/26/2021,233547,149109,0,13,57456,2351,1437,128,5883,657,553286,208,376828,13,49727,579,1431222
7/27/2021,233681,149259,0,13,57476,2352,1437,128,5885,657,553459,208,376901,13,49765,582,1431816
7/28/2021,233875,149444,0,13,57502,2354,1437,128,5885,657,553697,208,377034,13,49830,582,1432659
7/29/2021,234108,149646,0,13,57548,2358,1437,128,5886,657,553945,208,377172,13,49882,589,1433590
7/30/2021,234295,149889,0,13,57593,2365,1437,128,5887,657,554177,208,377297,13,49940,596,1434495
7/31/2021,234295,149889,0,13,57593,2365,1437,128,5887,657,554376,208,377486,13,50024,596,1434967
8/1/2021,234295,149889,0,13,57593,2383,1437,128,5887,657,554537,208,377644,13,50067,596,1435347
8/2/2021,234295,149889,0,13,57593,2383,1440,128,5887,657,554687,208,377798,13,50096,596,1435683
8/3/2021,235038,150631,0,13,57691,2394,1440,129,5893,657,554903,208,377973,13,50120,610,1437713
8/4/2021,235244,150973,0,13,57706,2396,1441,129,5895,657,555177,208,378157,13,50181,616,1438806
8/5/2021,235641,151375,0,13,57739,2409,1441,129,5899,657,555536,208,378462,13,50251,623,1440396
8/6/2021,236010,151839,0,13,57764,2414,1443,130,5900,657,555984,212,378680,13,50338,624,1442021
8/7/2021,236010,151839,0,13,57764,2414,1443,130,5900,657,556329,212,378915,13,50477,624,1442740
8/8/2021,236010,151839,0,13,57764,2434,1443,130,5900,657,556683,212,379189,13,50558,624,1443469
8/9/2021,237027,152918,0,13,57860,2439,1443,130,5907,657,557021,212,379439,13,50614,633,1446326
8/10/2021,237306,153313,0,13,57891,2447,1443,131,5908,657,557419,214,379673,13,50679,636,1447743
8/11/2021,237807,153849,0,13,57923,2460,1443,131,5911,657,557954,214,380038,13,50771,638,1449822
8/12/2021,238357,154362,0,13,57951,2471,1443,131,5918,657,558493,214,380407,13,50909,645,1451984
8/13/2021,238939,155079,0,13,57972,2490,1447,131,5919,657,559034,214,380833,13,51034,647,1454422
8/14/2021,238939,155079,0,13,57972,2490,1447,131,5919,657,559545,214,381266,13,51162,647,1455494
8/15/2021,238939,155079,0,13,57972,2490,1447,133,5919,657,560008,214,381587,13,51305,647,1456423
8/16/2021,240346,156513,0,13,58049,2530,1450,146,5928,657,560446,214,381996,13,51392,647,1460340
8/17/2021,240753,157014,0,13,58071,2543,1450,202,5929,657,560970,220,382319,13,51500,660,1462314
8/18/2021,241431,157567,0,13,58108,2559,1456,259,5938,657,561635,220,382755,13,51631,668,1464910
8/19/2021,242248,158256,0,13,58134,2582,1456,259,5946,657,562345,220,383191,13,51821,671,1467812
8/20/2021,242997,158919,0,13,58176,2614,1458,300,5956,657,563062,220,383718,13,52065,674,1470842
8/21/2021,242997,158919,0,13,58176,2614,1458,329,5956,657,563747,220,384281,13,52252,674,1472306
8/22/2021,242997,158919,0,13,58176,2614,1458,329,5956,657,564255,220,384744,13,52472,674,1473497
8/23/2021,244969,160630,0,13,58283,2672,1460,329,5973,657,564791,224,385120,13,52490,681,1478305
8/24/2021,245598,161271,0,13,58322,2687,1460,351,5982,657,565441,224,385465,13,52629,683,1480796
8/25/2021,246674,161969,0,13,58425,2697,1462,358,5989,657,566243,224,386015,13,52845,683,1484267
8/26/2021,247786,162693,0,13,58479,2705,1462,377,5990,657,567116,224,386618,13,53004,684,1487821
8/27/2021,248954,163560,0,13,58506,2721,1469,395,5999,657,567896,230,387230,13,53262,684,1491589
8/28/2021,248954,163560,0,13,58506,2721,1469,400,5999,657,568608,230,387834,13,53617,684,1493265
8/29/2021,248954,163560,0,13,58506,2721,1469,400,5999,657,569205,230,388413,13,53875,684,1494699
8/30/2021,252010,165413,0,13,58681,2760,1478,400,6030,657,569840,230,388799,13,54076,689,1501089
8/31/2021,252930,166068,0,13,58710,2763,1478,452,6031,657,570654,230,389224,13,54367,691,1504281
9/1/2021,254245,166853,0,13,58759,2774,1486,461,6038,657,571454,233,389914,13,54688,693,1508281
9/2/2021,255584,167654,0,13,58793,2784,1486,475,6042,657,572347,233,390613,13,54953,694,1512341
9/3/2021,256985,168325,0,13,58845,2798,1491,486,6047,658,573220,233,391363,13,55396,694,1516567
9/4/2021,256985,168325,0,13,58845,2798,1491,499,6054,658,573893,233,392029,13,55750,694,1518280
9/5/2021,256985,168325,0,13,58845,2798,1491,499,6065,658,574516,233,392807,13,56139,694,1520081
9/6/2021,256985,168325,0,13,58845,2798,1506,499,6072,658,575074,233,393337,13,56533,694,1521585
9/7/2021,261888,170750,0,13,59000,2852,1511,499,6076,658,575776,235,393852,13,56838,696,1530657
9/8/2021,263054,171564,0,13,59052,2868,1520,522,6090,658,576621,235,394452,13,57235,697,1534594
9/9/2021,264564,172338,0,13,59100,2885,1520,540,6107,658,577477,235,395155,13,57520,699,1538824
9/10/2021,266037,173158,0,13,59203,2909,1532,563,6117,658,578345,235,396034,13,57952,701,1543470
9/11/2021,266037,173158,0,13,59203,2909,1532,591,6149,658,579072,235,396034,13,58293,701,1544598
9/12/2021,266037,173158,0,13,59203,2909,1532,591,6178,658,579662,235,397786,13,58715,701,1547391
9/13/2021,270777,175142,0,13,59368,3031,1541,591,6188,659,580211,252,398425,13,59164,706,1556081
9/14/2021,272211,175819,0,13,59420,3066,1541,647,6254,659,581051,252,399058,13,59672,709,1560385
9/15/2021,273820,176480,0,13,59466,3129,1551,679,6260,659,581816,252,399843,13,60149,712,1564842
9/16/2021,275538,177186,0,13,59526,3180,1551,695,6294,659,582645,252,400625,13,60589,713,1569479
9/17/2021,277558,177954,0,13,59612,3237,1555,720,6312,659,583383,270,401462,13,61065,716,1574529
9/18/2021,277558,177954,0,13,59612,3237,1555,749,6312,659,584038,270,402283,13,61558,716,1576527
9/19/2021,277558,177954,0,13,59612,3237,1555,749,6312,659,584570,270,403025,13,62101,716,1578344
9/20/2021,282191,179653,0,13,59759,3436,1570,749,6367,661,585168,284,403704,13,62617,725,1586910
9/21/2021,283710,180178,0,13,59822,3501,1586,807,6392,661,585809,284,404291,13,62989,725,1590781
9/22/2021,285046,180937,0,13,59880,3577,1609,834,6411,661,586528,284,404974,13,63415,736,1594918
9/23/2021,286706,181798,0,13,59944,3629,1609,852,6452,663,587186,284,405728,13,63875,738,1599490
9/24/2021,288357,182541,0,13,60000,3707,1654,882,6486,663,587841,284,406429,13,64402,745,1604017
9/25/2021,288357,182541,0,13,60000,3768,1668,918,6486,663,588436,284,406429,13,64949,745,1605270
9/26/2021,288357,182541,0,13,60000,3850,1692,918,6486,663,588890,284,406429,13,65501,745,1606382
9/27/2021,293538,184780,0,13,60294,3936,1717,918,6569,663,589390,295,408462,13,65894,751,1617233
9/28/2021,294784,185432,0,13,60333,4004,1731,970,6598,663,589995,296,408931,13,66343,754,1620860
9/29/2021,296466,186245,0,13,60443,4088,1747,1019,6638,664,590629,296,409525,13,66737,755,1625278
9/30/2021,298172,186245,0,13,60443,4187,1747,1059,6638,664,591275,296,410180,13,67339,755,1629026
10/1/2021,299802,187694,0,13,60628,4272,1788,1059,6715,664,591883,296,410823,13,67810,758,1634218
10/2/2021,299802,187694,0,13,60628,4412,1797,1143,6715,664,592402,296,411463,13,68290,758,1636090
10/3/2021,299802,187694,0,13,60628,4505,1805,1143,6715,664,592912,296,411962,13,68644,758,1637554
10/4/2021,303839,189779,0,13,60943,4580,1819,1143,6800,664,593346,302,412364,13,69089,773,1645467
10/5/2021,304502,190372,0,13,61038,4670,1824,1240,6839,664,593994,302,412800,13,69331,783,1648385
10/6/2021,305765,191124,0,13,61126,4741,1833,1305,6864,664,594580,302,413305,13,69807,788,1652230
10/7/2021,307019,191748,0,13,61257,4857,1840,1360,6893,664,595233,302,413929,13,70457,793,1656378
10/8/2021,308275,192491,0,13,61385,4987,1848,1411,6918,666,595781,302,414572,13,71034,796,1660492
10/9/2021,308275,192491,0,13,61385,5087,1848,1456,6945,666,596270,302,415174,13,71526,796,1662247
10/10/2021,308275,192491,0,13,61385,5160,1848,1456,6961,666,596631,302,415786,13,72033,796,1663816
10/11/2021,308275,192491,0,13,61385,5258,1848,1456,6977,671,596985,302,416266,13,72458,796,1665194
10/12/2021,311633,194581,0,13,61721,5367,1869,1456,7011,671,597359,309,416675,13,72730,824,1672232
10/13/2021,312285,195186,0,13,61796,5449,1873,1537,7033,671,597733,309,417187,13,73035,827,1674947
10/14/2021,313201,195766,0,13,61900,5582,1877,1580,7059,671,598319,309,417831,13,73350,831,1678302
10/15/2021,314252,196433,0,13,61987,5669,1881,1617,7077,671,598815,309,418508,13,73662,837,1681744
10/16/2021,314252,196433,0,13,61987,5735,1881,1638,7114,671,599199,309,419186,13,74074,837,1683342
10/17/2021,314252,196433,0,13,61987,5793,1881,1638,7133,674,599559,309,419718,13,74394,837,1684634
10/18/2021,316433,198278,0,13,62230,5846,1889,1638,7155,674,599876,309,420128,13,74669,858,1690009
10/19/2021,316964,198838,0,13,62332,5896,1889,1694,7161,674,600247,315,420470,13,74939,867,1692312
10/20/2021,317750,199534,0,13,62383,5965,1898,1712,7166,674,600691,315,420928,13,75185,873,1695100
10/21/2021,318520,200249,0,13,62469,6032,1898,1746,7185,674,601086,315,421356,13,75540,874,1697970
10/22/2021,319176,200898,0,13,62588,6072,1928,1763,7208,674,601493,315,421685,13,75842,877,1700545
10/23/2021,319176,201511,0,13,62588,6112,1928,1786,7208,674,601807,315,422241,13,76074,877,1702323
10/24/2021,319176,202040,0,13,62588,6163,1928,1786,7208,674,602057,315,422670,13,76311,877,1703819
10/25/2021,320768,202516,0,13,62907,6185,1964,1786,7265,674,602364,315,422994,13,76481,891,1707136
10/26/2021,321210,202973,0,13,62977,6206,1964,1826,7272,674,602690,315,423334,13,76607,892,1708966
10/27/2021,321855,203572,0,13,63099,6263,1984,1843,7298,674,603150,315,423812,13,76830,902,1711623
10/28/2021,322386,204330,0,13,63212,6332,1984,1860,7328,674,603564,315,424290,13,77067,913,1714281
10/29/2021,322989,204914,0,13,63353,6380,1992,1863,7354,674,603928,315,424801,13,77305,921,1716815
10/30/2021,322989,205482,0,13,63353,6413,1992,1863,7354,674,604335,315,425392,13,77494,921,1718603
10/31/2021,322989,205952,0,13,63353,6445,1992,1863,7354,674,604659,315,425959,13,77664,921,1720166
11/1/2021,324199,206284,0,13,63688,6476,1994,1871,7413,674,605036,315,426456,13,77793,944,1723169
11/2/2021,324514,206690,0,13,63809,6516,1994,1880,7424,674,605484,319,426946,13,77902,944,1725122
11/3/2021,325001,207120,0,13,63931,6576,1995,1886,7462,674,606011,319,427471,13,78074,973,1727519
11/4/2021,325517,207716,0,13,64083,6615,1995,1886,7512,674,606540,319,428059,13,78262,995,1730199
11/5/2021,325983,208265,0,13,64209,6666,2003,1886,7550,674,607139,319,428630,13,78403,1017,1732770
11/6/2021,325983,208265,0,13,64209,6716,2003,1886,7550,674,607669,319,429318,13,78567,1017,1734202
11/7/2021,325983,208265,0,13,64209,6769,2003,1886,7550,674,608147,319,429863,13,78724,1017,1735435
11/8/2021,327283,209703,0,13,64701,6813,2012,1886,7661,674,608572,319,430394,13,78824,1087,1739955
11/9/2021,327705,210203,0,13,64878,6865,2012,1925,7717,674,609151,324,430939,13,78909,1132,1742460
11/10/2021,328189,210758,0,13,65017,6934,2019,1951,7746,674,609756,324,431611,13,79030,1153,1745188
11/11/2021,328189,210758,0,13,65017,7004,2019,1951,7746,674,610459,324,432274,13,79212,1153,1746806
11/12/2021,329030,211750,0,13,65371,7069,2025,1951,7815,674,611122,324,432990,13,79334,1153,1750634
11/13/2021,329030,211750,0,13,65371,7129,2025,2001,7815,674,611711,324,433705,13,79387,1181,1752129
11/14/2021,329030,211750,0,13,65371,7194,2025,2001,7815,674,612203,324,434339,13,79497,1181,1753430
11/15/2021,330098,213020,0,13,65763,7234,2027,2021,7913,674,612701,328,434848,13,79525,1278,1757456
11/16/2021,330419,213358,0,13,65856,7268,2027,2028,7944,674,613382,328,435365,13,79610,1278,1759563
11/17/2021,330831,213682,0,13,66009,7350,2031,2029,7963,674,614065,328,436083,13,79783,1322,1762176
11/18/2021,331214,214150,0,13,66184,7422,2031,2032,7985,674,614880,328,436803,13,79936,1349,1765014
11/19/2021,331626,214636,0,13,66378,7512,2035,2032,8012,674,615556,328,437548,13,80025,1381,1767769
11/20/2021,331626,214636,0,13,66378,7579,2035,2036,8012,674,616283,328,438363,13,80278,1381,1769635
11/21/2021,331626,214636,0,13,66378,7669,2035,2036,8012,674,616894,328,439070,13,80340,1381,1771105
11/22/2021,332751,215688,0,13,66826,7731,2038,2044,8072,674,617474,345,439762,13,80413,1426,1775270
11/23/2021,333004,216012,0,13,66952,7806,2038,2055,8100,674,618248,345,440461,13,80481,1446,1777648
11/24/2021,333468,216334,0,13,67092,7893,2042,2057,8119,674,619009,363,441343,13,80571,1454,1780445
11/25/2021,333847,216758,0,13,67275,7988,2042,2059,8141,674,619986,363,443547,13,80667,1469,1784842
11/26/2021,334203,217099,0,13,67420,8087,2048,2059,8169,674,620885,363,444584,13,80775,1475,1787867
11/27/2021,334203,217099,0,13,67420,8172,2048,2059,8169,674,621758,363,445755,13,80848,1475,1790069
11/28/2021,334203,217099,0,13,67420,8217,2048,2059,8169,674,622519,363,446630,13,80901,1475,1791803
11/29/2021,335009,218068,0,13,67753,8263,2057,2059,8227,674,623226,372,447386,13,80950,1507,1795577
11/30/2021,335247,218426,0,13,67877,8318,2057,2060,8288,674,624174,372,448170,13,80992,1514,1798195
12/1/2021,335677,218812,0,13,67999,8411,2059,2063,8322,674,625238,372,449366,13,81074,1519,1801612
12/2/2021,336043,219180,0,13,68166,8506,2059,2068,8362,674,626348,372,450512,13,81145,1533,1804994
12/3/2021,336392,219584,0,13,68308,8603,2064,2068,8381,674,627529,372,451867,13,81225,1537,1808630
12/4/2021,336392,219584,0,13,68308,8680,2064,2069,8381,674,628494,372,453379,13,81293,1537,1811253
12/5/2021,336392,219584,0,13,68308,8798,2064,2069,8381,675,629360,372,454635,13,81362,1537,1813563
12/6/2021,337180,220530,0,13,68845,8869,2071,2069,8427,675,630398,372,455824,13,81410,1554,1818250
12/7/2021,337420,220856,0,13,68938,8938,2071,2069,8448,675,631591,397,457058,13,81462,1556,1821505
12/8/2021,337808,221235,0,13,69113,9049,2076,2069,8481,676,633016,397,458425,13,81510,1561,1825442
12/9/2021,338141,221576,0,13,69314,9223,2076,2069,8532,676,634557,397,460232,13,81572,1567,1829958
12/10/2021,338428,222013,0,13,69507,9366,2078,2070,8655,676,636171,397,460430,13,81646,1580,1833043
12/11/2021,338428,222013,0,13,69507,9492,2078,2070,8784,676,637728,397,464227,13,81780,1580,1838786
12/12/2021,338428,222013,0,13,69507,9604,2078,2070,8895,676,639246,397,465980,13,81817,1580,1842317
12/13/2021,339291,223142,0,13,69979,9704,2093,2071,9009,676,640952,420,467608,13,81852,1597,1848420
12/14/2021,339541,223661,0,13,70140,9813,2093,2071,9136,676,643227,420,469355,13,81899,1602,1853660
12/15/2021,339997,224245,0,13,70340,9973,2106,2076,9314,676,646361,420,471741,13,81960,1606,1860841
12/16/2021,340470,224998,0,13,70551,10150,2106,2082,9601,676,649578,420,474477,13,82015,1614,1868764
12/17/2021,341023,225785,0,13,70785,10313,2152,2082,9995,676,653590,420,478245,13,82069,1621,1878782
12/18/2021,341023,225785,0,13,70785,10446,2175,2082,10421,676,657620,420,481876,13,82130,1621,1887086
12/19/2021,341023,225785,0,13,70785,10554,2213,2082,10897,676,661460,420,485722,13,82208,1621,1895472
12/20/2021,342948,228335,0,13,71590,10672,2240,2082,11382,676,666341,420,490293,13,82267,1650,1910922
12/21/2021,343734,229643,0,13,71888,10828,2267,2083,11904,676,672163,529,495336,13,82334,1652,1925063
12/22/2021,345080,231171,0,13,72283,11065,2327,2090,12441,676,680484,529,501697,13,82442,1652,1943963
12/23/2021,346705,233217,0,13,72834,11322,2427,2090,13130,679,691574,529,511094,13,82640,1661,1969928
12/24/2021,346705,235658,0,13,73573,11587,2512,2090,13741,681,702280,621,521125,13,82845,1668,1995112
12/25/2021,346705,235658,0,13,73573,11587,2512,2090,14310,691,711280,621,530331,13,83086,1668,2014138
12/26/2021,346705,235658,0,13,73573,11587,2512,2090,14888,696,720846,621,538205,13,83237,1668,2032312
12/27/2021,346705,235658,0,13,75717,12226,2869,2090,15469,696,731146,621,546436,13,83373,1668,2054700
12/28/2021,346705,235658,0,13,76539,12532,3063,2090,16030,710,744044,893,559269,13,83558,1668,2082785
12/29/2021,357623,246671,0,13,77485,13018,3375,2090,16616,747,761204,1022,572418,13,83855,1695,2137845
12/30/2021,361623,251054,0,13,78606,13590,3724,2187,17127,765,778294,1022,586606,13,84446,1729,2180799
12/31/2021,361623,254849,0,13,80096,14272,4155,2229,17745,803,796905,1022,603067,13,85188,1755,2223735
1/1/2022,361623,254849,0,13,80096,14272,4597,2229,18454,803,811300,1366,620189,13,85188,1755,2256747
1/2/2022,361623,254849,0,13,80096,14272,5063,2229,19638,875,823721,1366,636034,13,85188,1755,2286735
1/3/2022,361623,254849,0,13,85507,16820,5582,2229,20658,891,835235,1366,651327,13,85188,1755,2323056
1/4/2022,379374,266710,0,13,87263,17566,6075,2419,21678,900,848012,1862,651327,13,87167,1944,2372323
1/5/2022,384126,270508,0,13,89050,18345,6554,2495,21678,900,861159,1862,665821,13,87708,2010,2412242
1/6/2022,388995,273731,0,13,91587,19017,7057,2652,22520,942,874703,1862,680307,13,88638,2084,2454121
1/7/2022,395252,276875,0,13,94850,19857,7537,2801,23265,977,887582,2463,696181,13,89821,2125,2499612
1/8/2022,395252,276875,0,13,94850,20278,7949,2801,23265,977,898661,2463,712357,13,90765,2125,2528644
1/9/2022,395252,276875,0,13,94850,20479,8316,2801,23265,977,907342,2463,728285,13,91860,2125,2554916
1/10/2022,412829,283841,0,13,101933,20699,9451,3107,25925,1028,917091,2893,739292,13,92940,2322,2613377
1/11/2022,417533,286080,0,13,103935,20890,10201,3322,26741,1033,927308,2893,749865,13,94079,2322,2646228
1/12/2022,424322,288692,0,13,105406,21249,10931,3467,27357,1036,938924,3427,758575,13,95174,2515,2681101
1/13/2022,430332,291246,0,13,106627,21553,11617,3587,28194,1048,949419,3427,766926,13,96115,2571,2712688
1/14/2022,436495,293521,0,13,107838,21979,12092,3741,28736,1055,960570,3861,783101,13,97545,2638,2753198
1/15/2022,436495,293521,0,13,107838,22388,12406,3741,28736,1055,970135,3861,789806,13,98699,2638,2771345
1/16/2022,436495,293521,0,13,107838,22768,12790,3741,28736,1055,977228,3861,795752,13,100173,2638,2786622
1/17/2022,452381,299146,0,13,110593,23173,13032,4055,30950,1195,983750,4401,801152,13,101537,2638,2828029
1/18/2022,455660,301178,0,13,111432,23503,13327,4234,31445,1222,990782,4401,806295,13,102641,2747,2848893
1/19/2022,459497,303565,0,13,112346,24001,13838,4372,31860,1242,997406,5112,812418,13,103900,2782,2872365
1/20/2022,463024,305715,0,13,113196,24489,14198,4508,32387,1242,1004598,5112,818946,13,105070,2820,2895331
1/21/2022,466616,308079,0,13,114021,25003,14522,4680,33083,1297,1009967,5112,824941,13,106328,2849,2916524
1/22/2022,466616,308079,0,13,114021,25465,14805,4680,33083,1297,1015428,5628,830488,13,107842,2849,2930307
1/23/2022,466616,308079,0,13,114021,25465,15166,4680,33083,1297,1018693,5628,830488,13,109484,2849,2935575
1/24/2022,466616,308079,0,13,116133,26391,15515,4962,34689,1358,1023243,6282,838436,13,110398,2959,2955087
1/25/2022,477841,314787,0,13,116770,26741,15811,5120,35051,1439,1028345,6282,841413,13,111447,2981,2984054
1/26/2022,477841,314787,0,13,116770,26741,16115,5295,35543,1439,1033782,6282,841413,13,112693,2981,2991708
1/27/2022,484400,318906,0,13,117971,27649,16493,5446,35889,1487,1038479,6812,849519,13,113993,3038,3020108
1/28/2022,487436,320540,0,13,118862,28045,16758,5614,36255,1585,1042667,7274,853119,13,115405,3061,3036647
1/29/2022,487436,320540,0,13,118862,28442,16966,5614,36255,1585,1045883,7274,856628,13,116511,3061,3045083
1/30/2022,487436,320540,0,13,118862,28716,17176,5614,36255,1707,1048382,7274,859466,13,117858,3061,3052373
1/31/2022,493973,324615,0,13,120644,28885,17359,5865,37803,1737,1051367,7779,861889,13,118606,3106,3073654
2/1/2022,495953,325851,0,13,121131,29113,17538,6073,38059,1820,1055229,7779,864619,13,119272,3128,3085591
2/2/2022,498977,327625,0,13,121655,29494,17786,6221,38333,1820,1059152,8379,868435,13,119894,3146,3100943
2/3/2022,501347,329143,0,13,122012,29905,17984,6363,38728,1891,1062399,8379,872027,13,120743,3168,3114115
2/4/2022,503433,330638,0,13,122632,30306,18242,6550,39129,1935,1065429,8764,875427,13,121516,3186,3127213
2/5/2022,503433,330638,0,13,122632,30602,18464,6550,39129,1935,1067570,8764,878382,13,122525,3186,3133836
2/6/2022,503433,330638,0,13,122632,30756,18574,6550,39129,1935,1069408,8764,880950,13,123258,3186,3139239
2/7/2022,508051,333925,0,13,123739,31017,18740,6846,40454,1989,1072055,8764,883190,13,123258,3235,3155289
2/8/2022,509718,335042,0,13,124148,31276,18950,6919,40767,2011,1075164,9104,885694,13,123258,3252,3165329
2/9/2022,511402,336229,0,13,124615,31597,19200,7029,40986,2047,1077845,9104,889055,13,123258,3261,3175654
2/10/2022,512765,337547,0,13,125180,31948,19443,7126,41351,2047,1080554,9555,891949,13,123258,3286,3186035
2/11/2022,514165,338585,0,13,125844,32307,19710,7343,41716,2114,1083150,9969,891949,13,123258,3302,3193438
2/12/2022,514165,338585,0,13,125844,32610,19954,7343,41716,2114,1084904,9969,896970,13,125780,3302,3203282
2/13/2022,514165,338585,0,13,125844,32876,20191,7343,41716,2114,1086146,9969,898840,13,125780,3302,3206897
2/14/2022,516812,341286,0,13,127010,33066,20365,7678,42657,2234,1088062,10500,900271,13,125780,3339,3219086
2/15/2022,517650,341532,0,13,127394,33342,20578,7776,42815,2263,1090303,10500,902244,13,125780,3339,3225542
2/16/2022,518538,342282,0,13,127732,33647,20757,7907,43041,2306,1092414,10947,904572,13,125780,3349,3233298
2/17/2022,519351,342939,0,13,128147,33968,21073,7987,43264,2341,1094682,10947,906627,13,125780,3361,3240493
2/18/2022,519970,343631,0,13,128486,34222,21307,8085,43506,2391,1096511,11492,908464,13,125780,3369,3247240
2/19/2022,519970,343631,0,13,128486,34222,21613,8085,43506,2391,1098013,11492,910200,13,125780,3369,3250784
2/20/2022,519970,343631,0,13,128486,34222,21737,8085,43506,2391,1099140,11492,911397,13,125780,3369,3253232
2/21/2022,519970,343631,0,13,128486,34222,21974,8302,44240,2527,1100409,11492,912461,13,125780,3369,3256889
2/22/2022,519970,345397,0,13,129296,35370,22220,8424,44240,2527,1102224,12103,913899,13,125780,3404,3264880
2/23/2022,523104,346196,0,13,129657,35670,22468,8495,44351,2620,1104496,12657,915760,13,125780,3412,3274692
2/24/2022,523786,346196,0,13,129972,36035,22755,8594,44551,2668,1106730,12657,917277,13,125780,3426,3280453
2/25/2022,524381,347331,0,13,130277,36417,23147,8682,44738,2668,1108614,13372,918819,13,127187,3426,3289085
2/26/2022,524381,347331,0,13,130277,36417,23443,8682,44738,2668,1110130,13372,918819,13,127187,3426,3290897
2/27/2022,524381,347331,0,13,130277,36417,23699,8682,44738,2668,1111247,13372,921030,13,127187,3426,3294481
2/28/2022,525816,348305,0,13,130813,37482,24026,8797,44908,2813,1112584,14305,921875,13,127187,3463,3302400
3/1/2022,525816,348771,0,13,131034,37769,24392,8924,45795,2813,1114534,14305,922677,13,127187,3467,3307510
3/2/2022,526563,349213,0,13,131193,38155,24781,9007,46012,2954,1115285,15267,924307,13,127187,3473,3313423
3/3/2022,527102,349604,0,13,131355,38546,25278,9080,46374,2954,1119966,15267,925564,13,127187,3475,3321778
3/4/2022,527604,349944,0,13,131526,38937,25728,9122,46795,3055,1123556,16296,926918,13,128289,3485,3331281
3/5/2022,527604,349944,0,13,131526,38937,26197,9122,46795,3055,1125074,16296,928128,13,128289,3485,3334478
3/6/2022,527604,349944,0,13,131526,38937,26529,9122,46795,3055,1126445,16296,929038,13,128289,3485,3337091
3/7/2022,528717,350941,0,13,131948,40070,26972,9231,47089,3163,1128149,17623,929813,13,128289,3515,3345546
3/8/2022,529184,351141,0,13,132089,40312,27507,9325,47089,3170,1129672,17623,930748,13,128289,3524,3349699
3/9/2022,529736,351415,0,13,132295,40654,28103,9400,47089,3200,1131621,18905,932174,13,128289,3533,3356440
3/10/2022,530288,351751,0,13,132487,41109,28783,9466,47089,3200,1133667,18905,933441,13,128289,3546,3362047
3/11/2022,530761,352039,0,13,132681,41512,29365,9514,48471,3265,1135292,19703,934620,13,129301,3555,3370105
3/12/2022,530761,352039,0,13,132681,41512,30100,9514,48471,3265,1135292,19703,935709,13,129301,3555,3371929
3/13/2022,530761,352039,0,13,132681,41512,30627,9514,48471,3265,1135292,19703,936575,13,129301,3555,3373322
3/14/2022,532112,352728,0,13,133096,41512,31070,9590,48471,3265,1135292,20560,937245,13,129301,3576,3377844
3/15/2022,532571,352965,0,13,133268,42320,31553,9666,48471,3265,1141057,20560,938268,13,129301,3584,3386875
3/16/2022,533164,353139,0,13,133511,42320,31553,9737,48471,3331,1143057,21307,939648,13,129301,3600,3392165
3/17/2022,533783,353379,0,13,133745,42320,32113,9790,48471,3331,1145534,21307,939648,13,129301,3616,3396364
3/18/2022,534285,353578,0,13,133928,42320,32113,9843,48471,3331,1144461,21307,942280,13,130133,3628,3399704
3/19/2022,534285,353578,0,13,133928,42320,32113,9843,48471,3331,1146105,21307,943643,13,130133,3628,3402711
3/20/2022,534285,353578,0,13,133928,42320,32113,9843,48471,3331,1147405,21307,944596,13,130133,3628,3404964
3/21/2022,534285,354084,0,13,134313,42320,33385,9942,51359,3331,1149464,21307,945503,13,130133,3665,3413117
3/22/2022,534285,354334,0,13,134417,45101,34607,10005,51359,3400,1151014,23345,946886,13,130133,3671,3422583
3/23/2022,536166,354603,0,13,134554,45101,34607,10106,51359,3400,1153318,23345,948997,13,130133,3692,3429407
3/24/2022,536166,354874,0,13,134759,45101,35293,10235,51359,3400,1155877,23345,951292,13,131028,3705,3436460
3/25/2022,536166,355092,0,13,134907,45101,35293,10333,54812,3400,1158685,23345,953495,13,131028,3721,3445404
3/26/2022,536166,355092,0,13,134907,45101,35293,10333,54812,3400,1160843,23345,955711,13,131028,3721,3449778
3/27/2022,536166,355092,0,13,134907,45101,35293,10333,54812,3400,1162613,23345,957595,13,131028,3721,3453432
3/28/2022,536166,355648,0,13,134907,45101,36254,10547,54812,3400,1165369,23345,959209,13,131028,3770,3459582
3/29/2022,536166,355961,0,13,134234,48197,37411,10679,54812,3400,1167264,25799,961380,13,131028,3786,3470143
3/30/2022,540733,356252,0,13,134234,48197,37411,10779,54812,3472,1170131,25799,964447,13,131028,3798,3481119
3/31/2022,540733,356501,0,13,135214,48197,38331,10877,54812,3472,1173333,25799,967766,13,131028,3821,3489910
4/1/2022,540733,356772,0,13,135214,48197,38331,10951,59000,3472,1176866,25799,970951,13,132224,3844,3502380
4/2/2022,540733,356772,0,13,135214,51854,38630,10951,59000,3472,1176866,25799,974009,13,132224,3844,3509394
4/3/2022,540733,356772,0,13,135214,51854,38630,10951,59000,3472,1176866,25799,976590,13,132224,3844,3511975
4/4/2022,540733,356858,0,13,135214,51854,39019,11004,59000,3472,1176866,25799,976590,13,132224,3876,3512535
4/5/2022,540733,357500,0,13,135214,51854,39693,11004,59000,3531,1176866,28375,981536,13,132224,3883,3521439
4/6/2022,546247,357758,0,13,135214,51854,39693,11004,59000,3531,1176866,28375,985297,13,132224,3902,3530991
4/7/2022,546247,357974,0,13,136573,51854,40336,11004,59000,3531,1176866,28375,989074,13,132224,3926,3537010
4/8/2022,546247,357974,0,13,136573,51854,40336,11004,59000,3531,1176866,28375,989074,13,132224,3926,3537010
4/9/2022,546247,357974,0,13,136573,55812,40336,11004,65991,3531,1176866,28375,992646,13,133256,3940,3552577
4/10/2022,546247,357974,0,13,136573,55812,40336,11004,65991,3531,1176866,28375,992646,13,133256,3940,3552577
4/11/2022,546247,357974,0,13,136573,55812,40336,11136,65991,3531,1176866,28375,992646,13,133256,3940,3552709
4/12/2022,546247,357974,0,13,136573,55812,40336,11136,65991,3531,1176866,28375,992646,13,133256,3940,3552709
4/13/2022,552403,357974,0,13,136573,55812,41587,11136,65991,3531,1216491,30604,1007003,13,133256,4000,3616387
4/14/2022,552403,359002,0,13,138271,55812,42038,11136,72903,3531,1221091,30604,1010193,13,134307,4015,3635332
4/15/2022,552403,359002,0,13,138271,55812,42038,11136,72903,3531,1209898,30604,1013340,13,134307,4015,3627286
4/16/2022,552403,359002,0,13,138271,58768,42038,11136,72903,3531,1221091,30604,1015878,13,134307,4015,3643973
4/17/2022,552403,359002,0,13,138271,58768,42038,11136,72903,3531,1221091,30604,1017816,13,134307,4015,3645911
4/18/2022,552403,359002,0,13,138271,58768,42038,11136,72903,3531,1231561,30604,1019320,13,134307,4015,3657885
4/19/2022,552403,359002,0,13,138271,58768,42761,11217,72903,3531,1234894,32532,1021103,13,134307,4060,3665778
4/20/2022,558483,359002,0,13,138271,58768,42761,11217,72903,3531,1239899,32532,1023433,13,134307,4078,3679211
4/21/2022,558483,361034,0,13,139465,58768,43129,11217,72903,3531,1243895,32532,1026345,13,134307,4091,3689726
4/22/2022,558483,361034,0,13,139465,58768,43129,11217,80411,3531,1250266,32532,1028841,13,135197,4116,3707016
4/23/2022,558483,361034,0,13,139465,58768,43129,11217,80411,3531,1252916,32532,1030942,13,135197,4116,3711767
4/24/2022,558483,361034,0,13,139465,58768,43129,11217,80411,3531,1255898,32532,1032617,13,135197,4116,3716424
4/25/2022,558483,361034,0,13,139465,58768,43401,11286,80411,3531,1258109,32532,1033922,13,135197,4142,3720307
4/26/2022,558483,361034,0,13,139465,58768,43713,11286,80411,3531,1261962,34270,1035592,13,135197,4159,3727897
4/27/2022,565052,361034,0,13,139465,60756,43713,11286,80411,3531,1264427,34270,1037655,13,135197,4159,3740982
4/28/2022,565052,363302,0,13,140931,60756,43920,11286,80411,3531,1267187,34270,1039423,13,135197,4187,3749479
4/29/2022,565052,363302,0,13,140931,60756,43920,11286,85847,3531,1271493,34270,1041072,13,136026,4196,3761708
4/30/2022,565052,363302,0,13,140931,60756,43920,11286,85847,3531,1273392,34270,1042629,13,136026,4196,3765164
5/1/2022,565052,363302,0,13,140931,60756,43920,11286,85847,3531,1274911,34270,1043729,13,136026,4196,3767783
5/2/2022,565052,363302,0,13,140931,60756,44148,11373,85847,3531,1276335,34270,1044635,13,136026,4217,3770449
5/3/2022,565052,363302,0,13,140931,60756,44345,11373,85847,3531,1279328,35433,1045829,13,136026,4226,3776005
5/4/2022,570806,363302,0,13,140931,62148,44345,11373,85847,3531,1281339,35433,1047459,13,136026,4237,3786803
5/5/2022,570806,365577,0,13,141973,62148,44529,11373,85847,3531,1283544,35433,1048875,13,136026,4254,3793942
5/6/2022,570806,365577,0,13,141973,62148,44529,11373,89262,3531,1287079,35433,1050121,13,136792,4262,3802912
5/7/2022,570806,365577,0,13,141973,62148,44529,11373,89262,3531,1288468,35433,1051190,13,136792,4262,3805370
5/8/2022,570806,365577,0,13,141973,62148,44529,11373,89262,3531,1289790,35433,1052012,13,136792,4262,3807514
5/9/2022,570806,365577,0,13,141973,62148,44741,11426,89262,3531,1291046,35433,1052634,13,136792,4290,3809685
5/10/2022,570806,365577,0,13,141973,62148,44892,11426,89262,3531,1293608,36332,1053406,13,136792,4294,3814073
5/11/2022,575185,365577,0,13,141973,63486,44892,11426,89262,3531,1294991,36332,1054507,13,136792,4301,3822281
5/12/2022,575185,367559,0,13,142875,63486,45037,11426,89262,3531,1296671,36332,1055274,13,136792,4310,3827766
5/13/2022,575185,367559,0,13,142875,63486,45037,11426,92380,3531,1299706,36332,1056174,13,137502,4318,3835537
5/14/2022,575185,367559,0,13,142875,63486,45037,11426,92380,3531,1299706,36332,1056972,13,137502,4318,3836335
5/15/2022,575185,367559,0,13,142875,63486,45037,11426,92380,3531,1299706,36332,1057606,13,137502,4318,3836969
5/16/2022,575185,367559,0,13,142875,63486,45145,11426,92380,3531,1300105,36332,1058063,13,137502,4328,3837943
5/17/2022,575185,367559,0,13,142875,63486,45145,11426,92380,3531,1305006,37124,1058691,13,137502,4335,3844271
5/18/2022,578291,367559,0,13,142875,64490,45145,11426,92380,3531,1306208,37124,1059416,13,137502,4339,3850312
5/19/2022,578291,369202,0,13,143603,64490,45409,11426,92380,3531,1307371,37124,1060042,13,137502,4345,3854742
5/20/2022,578291,369202,0,13,143603,64490,45409,11426,94893,3531,1309610,37124,1060654,13,137967,4349,3860575
5/21/2022,578291,369202,0,13,143603,64490,45409,11426,94893,3531,1310394,37124,1061253,13,137967,4349,3861958
5/22/2022,578291,369202,0,13,143603,64490,45409,11426,94893,3531,1311036,37124,1061706,13,137967,4349,3863053
5/23/2022,578291,369202,0,13,143603,64490,45409,11436,94893,3531,1311036,37124,1062032,13,137967,4349,3863389
5/24/2022,578291,369202,0,13,143603,64490,45409,11436,94893,3531,1312206,37578,1062449,13,137967,4363,3865444
5/25/2022,580881,369202,0,13,143603,65258,45409,11436,94893,3531,1312810,37578,1063033,13,137967,4366,3869993
5/26/2022,580881,370559,0,13,144140,65258,45775,11436,94893,3531,1313628,37578,1063738,13,137967,4370,3873780
5/27/2022,580881,370559,0,13,144140,65258,45775,11436,96477,3531,1316340,37578,1064328,13,138343,4378,3879050
5/28/2022,580881,370559,0,13,144140,65258,45775,11436,96477,3531,1316953,37578,1064905,13,138343,4378,3880240
5/29/2022,580881,370559,0,13,144140,65258,45775,11436,96477,3531,1317509,37578,1065329,13,138343,4378,3881220
5/30/2022,580881,370559,0,13,144140,65258,45775,11457,96477,3531,1318044,37578,1065679,13,138343,4386,3882134
5/31/2022,580881,370559,0,13,144140,65258,45775,11457,96477,3531,1319553,37578,1066195,13,138343,4387,3884160
6/1/2022,583112,370559,0,13,144140,65812,46109,11457,96477,3531,1320236,37578,1066903,13,138343,4389,3888672
6/2/2022,583112,371720,0,13,144556,65812,46183,11457,96477,3531,1320967,37578,1067602,13,138343,4395,3891759
6/3/2022,583112,371720,0,13,144556,65812,46183,11457,98040,3531,1321996,37578,1068144,13,138707,4397,3895259
6/4/2022,583112,371720,0,13,144556,65812,46183,11478,98040,3531,1323067,37578,1068712,13,138707,4397,3896919
6/5/2022,583112,371720,0,13,144556,65812,46183,11478,98040,3531,1323502,37578,1069149,13,138707,4397,3897791
6/6/2022,583112,371720,0,13,144556,65812,46183,11478,98040,3531,1323998,37578,1069517,13,138707,4403,3898661
6/7/2022,583112,371720,0,13,144556,65812,46183,11478,98040,3531,1325196,38686,1070147,13,138707,4403,3901597
6/8/2022,584763,371720,0,13,144556,66345,46183,11478,98040,3531,1326015,38686,1070885,13,138707,4404,3905339
6/9/2022,584763,372611,0,13,144895,66345,46647,11478,98040,3531,1326631,38686,1070885,13,138707,4408,3907653
6/10/2022,584763,372611,0,13,144895,66345,46647,11478,99514,3531,1327956,38686,1072331,13,139224,4410,3912417
6/11/2022,584763,372611,0,13,144895,66816,46891,11495,101990,3531,1327956,38686,1073041,13,139224,4410,3916335
6/12/2022,584763,372611,0,13,144895,66816,46891,11495,101990,3531,1328881,38686,1073537,13,139224,4410,3917756
6/13/2022,584763,372611,0,13,144895,66816,46891,11495,101990,3531,1329256,38686,1074017,13,139224,4415,3918616
6/14/2022,584763,372611,0,13,144895,66816,46891,11495,101990,3531,1330323,39377,1074672,13,139224,4419,3921033
6/15/2022,586108,372611,0,13,144895,66816,46891,11495,101990,3531,1330403,39377,1075567,13,139224,4419,3923353
6/16/2022,586108,373336,0,13,145123,66816,46891,11495,101990,3531,1331406,39377,1076379,13,139224,4425,3926127
6/17/2022,586108,373336,0,13,145123,66816,46891,11495,101990,3531,1332281,39377,1077256,13,139224,4430,3927884
6/18/2022,586108,373336,0,13,145123,67241,47353,11499,103561,3531,1332281,39377,1078043,13,139455,4430,3931364
6/19/2022,586108,373336,0,13,145123,67241,47353,11499,103561,3531,1332281,39377,1078043,13,139455,4430,3931364
6/20/2022,586108,373336,0,13,145123,67241,47353,11499,103561,3531,1332410,39377,1079181,13,139455,4436,3932637
6/21/2022,586108,373336,0,13,145123,67241,47353,11499,103561,3531,1333375,39998,1080025,13,139455,4436,3935067
6/22/2022,587890,373336,0,13,145123,67241,47353,11499,103561,3531,1333449,39998,1081135,13,139455,4443,3938040
6/23/2022,587890,373974,0,13,145326,67241,47353,11499,103561,3531,1336234,39998,1082273,13,139455,4447,3942808
6/24/2022,587890,373974,0,13,145326,67241,47353,11499,103561,3531,1337296,39998,1083480,13,139455,4453,3945083
6/25/2022,587890,373974,0,13,145326,67725,47773,11499,105032,3531,1337296,39998,1084376,13,139663,4453,3948562
6/26/2022,587890,373974,0,13,145326,67725,47773,11499,105032,3531,1337296,39998,1085058,13,139663,4453,3949244
6/27/2022,587890,373974,0,13,145326,67725,47773,11499,105032,3531,1337464,39998,1085753,13,139663,4463,3950117
6/28/2022,587890,373974,0,13,145326,67725,47773,11499,105032,3531,1338814,40806,1087025,13,139663,4468,3953552
6/29/2022,588691,373974,0,13,145326,67725,47773,11499,105032,3531,1338907,40806,1088743,13,139663,4475,3956171
6/30/2022,588691,374594,0,13,145498,67725,47773,11499,105032,3531,1342709,40806,1090311,13,139663,4476,3962334
7/1/2022,588691,374594,0,13,145498,67725,47773,11499,105032,3531,1342709,40806,1091740,13,139663,4476,3963763
7/2/2022,588691,374594,0,13,145498,68493,48179,11499,106707,3531,1342709,40806,1092933,13,139663,4476,3967805
7/3/2022,588691,374594,0,13,145498,68493,48179,11499,106707,3531,1342709,40806,1093859,13,139663,4476,3968731
7/4/2022,588691,374594,0,13,145498,68493,48179,11499,106707,3531,1343023,40806,1093859,13,139663,4494,3969063
7/5/2022,588691,374594,0,13,145498,68493,48179,11499,106707,3531,1345639,41876,1096171,13,139663,4495,3975062
7/6/2022,589726,374594,0,13,145498,68493,48179,11499,106707,3531,1345639,41876,1096171,13,139663,4495,3976097
7/7/2022,589726,375357,0,13,145623,68493,48179,11499,106707,3531,1349924,41876,1099765,13,139663,4495,3984864
7/8/2022,589726,375357,0,13,145623,68493,48179,11499,106707,3531,1351884,41876,1101362,13,139663,4504,3988430
7/9/2022,589726,375357,0,13,145623,68493,48179,11499,106707,3531,1351884,41876,1102822,13,139663,4504,3989890
7/10/2022,589726,375357,0,13,145623,68493,48179,11499,106707,3531,1351884,41876,1103893,13,139663,4504,3990961
7/11/2022,589726,375357,0,13,145623,68493,48179,11499,106707,3531,1351884,41876,1104909,13,139663,4521,3991994
7/12/2022,589726,375357,0,13,145623,68493,48179,11499,106707,3531,1353950,43146,1104909,13,139663,4522,3995331
7/13/2022,591083,375357,0,13,145623,68493,48179,11499,106707,3531,1353950,43146,1108512,13,139663,4535,4000304
7/14/2022,591083,376329,0,13,145853,68493,48179,11499,106707,3531,1360025,43146,1119322,13,139663,4547,4018403
7/15/2022,591083,376329,0,13,145853,69537,48593,11506,108125,3531,1360907,43146,1121203,13,139663,4558,4024060
7/16/2022,591083,376329,0,13,145853,69537,48593,11506,108125,3531,1360907,43146,1123187,13,139663,4558,4026044
7/17/2022,591083,376329,0,13,145853,69537,48593,11506,108125,3531,1360907,43146,1123187,13,139663,4558,4026044
7/18/2022,591083,376329,0,13,145853,69537,48593,11506,108125,3531,1360907,43146,1123187,13,139663,4583,4026069
7/19/2022,591083,376329,0,13,145853,69537,48593,11506,108125,3531,1364941,44852,1128222,13,139663,4587,4036848
7/20/2022,592767,376329,0,13,145853,69537,48593,11506,108125,3531,1364941,44852,1130640,13,139663,4595,4040958
7/21/2022,592767,377372,0,13,146024,69537,48593,11506,108125,3531,1372023,44852,1132764,13,139663,4599,4051382
7/22/2022,592767,377372,0,13,146024,70541,48954,11511,111769,3531,1372956,44852,1134683,13,140291,4599,4059876
7/23/2022,592767,377372,0,13,146024,70541,48954,11511,111769,3531,1372956,44852,1136337,13,140291,4599,4061530
7/24/2022,592767,377372,0,13,146024,70541,48954,11511,111769,3531,1372956,44852,1137615,13,140291,4599,4062808
7/25/2022,592767,377372,0,13,146024,70541,48954,11511,111769,3531,1372956,44852,1138880,13,140291,4610,4064084
7/26/2022,592767,377372,0,13,146024,70541,48954,11511,111769,3531,1377177,46240,1140647,13,140291,4619,4071469
7/27/2022,594474,377372,0,13,146024,70541,48954,11511,111769,3531,1377177,46240,1142427,13,140291,4640,4074977
7/28/2022,594474,378291,0,13,146266,70541,48954,11511,111769,3531,1384322,46240,1144098,13,140291,4659,4084973
7/29/2022,594474,378291,0,13,146266,71479,49412,11511,113669,3531,1385022,46240,1145558,13,140291,4672,4090442
7/30/2022,594474,378291,0,13,146266,71479,49412,11511,113669,3531,1385022,46240,1146894,13,140291,4672,4091778
7/31/2022,594474,378291,0,13,146266,71479,49412,11511,113669,3531,1385022,46240,1147838,13,140291,4672,4092722
8/1/2022,594474,378291,0,13,146266,71479,49412,11511,113669,3531,1385022,46240,1148800,13,140291,4701,4093713
8/2/2022,594474,378291,0,13,146266,71479,49412,11511,113669,3531,1388305,47251,1150154,13,140291,4714,4099374
8/3/2022,596126,378291,0,13,146266,71479,49412,11511,113669,3531,1388305,47251,1151659,13,140291,4719,4102536
8/4/2022,596126,379274,0,13,146524,71479,49412,11511,113669,3531,1377753,47251,1153048,13,140291,4726,4094621
8/5/2022,596126,379274,0,13,146524,72226,49748,11511,115417,3531,1395250,47251,1154061,13,140291,4729,4115965
8/6/2022,596126,379274,0,13,146524,72226,49748,11511,115417,3531,1395250,47251,1155131,13,140291,4729,4117035
8/7/2022,596126,379274,0,13,146524,72226,49748,11511,115417,3531,1395250,47251,1155884,13,140291,4729,4117788
8/8/2022,596126,379274,0,13,146524,72226,49748,11511,115417,3531,1395250,47251,1156633,13,140291,4756,4118564
8/9/2022,596126,379274,0,13,146524,72226,49748,11511,115417,3531,1395250,48027,1157876,13,140291,4758,4120585
8/10/2022,597891,379274,0,13,146524,72226,49748,11511,115417,3531,1395250,48027,1159087,13,140291,4759,4123562
8/11/2022,597891,380174,0,13,146874,72226,49748,11511,115417,3531,1405735,48027,1160337,13,140291,4764,4136552
8/12/2022,597891,380174,0,13,146874,72968,50091,11511,117142,3531,1406580,48027,1161491,13,140291,4771,4141368
8/13/2022,597891,380174,0,13,146874,72968,50091,11511,117142,3531,1406580,48027,1161491,13,140291,4771,4141368
8/14/2022,597891,380174,0,13,146874,72968,50091,11511,117142,3531,1406580,48027,1161491,13,140291,4771,4141368
8/15/2022,597891,380174,0,13,146874,72968,50091,11511,117142,3531,1406580,48027,1161491,13,140291,4771,4141368
8/16/2022,597891,380174,0,13,146874,72968,50091,11511,117142,3531,1409430,48598,1165128,13,140291,4787,4148442
8/17/2022,599504,380174,0,13,146874,72968,50091,11511,117142,3531,1409430,48598,1166390,13,140291,4787,4151317
8/18/2022,599504,381049,0,13,147329,72968,50091,11511,117142,3531,1416121,48598,1167547,13,140291,4789,4160497
8/19/2022,599504,381049,0,13,147329,73643,50430,11511,118671,3531,1416811,48598,1168546,13,141815,4793,4166257
8/20/2022,599504,381049,0,13,147329,73643,50430,11511,118671,3531,1416811,48598,1169400,13,141815,4793,4167111
8/21/2022,599504,381049,0,13,147329,73643,50430,11511,118671,3531,1416811,48598,1170021,13,141815,4793,4167732
8/22/2022,599504,381049,0,13,147329,73643,50430,11511,118671,3531,1416811,48598,1170654,13,141815,4808,4168380
8/23/2022,599504,381049,0,13,147329,73643,50430,11511,118671,3531,1419569,49411,1170654,13,141815,4809,4171952
8/24/2022,601337,381049,0,13,147329,73643,50430,11511,118671,3531,1419569,49411,1172597,13,141815,4810,4175729
8/25/2022,601337,381788,0,13,147806,73643,50430,11511,118671,3531,1424817,49411,1173563,13,141815,4813,4183162
8/26/2022,601337,381788,0,13,147806,74440,50810,11511,120055,3531,1425482,49411,1174312,13,141815,4815,4187139
8/27/2022,601337,381788,0,13,147806,74440,50810,11511,120055,3531,1425482,49411,1175060,13,141815,4815,4187887
8/28/2022,601337,381788,0,13,147806,74440,50810,11511,120055,3531,1425482,49411,1175610,13,141815,4815,4188437
8/29/2022,601337,381788,0,13,147806,74440,50810,11511,120055,3531,1425482,49411,1176083,13,141815,4822,4188917
8/30/2022,601337,381788,0,13,147806,74440,50810,11511,120055,3531,1427850,50151,1176935,13,141815,4825,4192880
8/31/2022,602434,381788,0,13,147806,74440,50810,11511,120055,3531,1427850,50151,1177843,13,141815,4832,4194892
9/1/2022,602434,382436,0,13,148428,74440,50810,11511,120055,3531,1435047,50151,1178789,13,141815,4839,4204312
9/2/2022,602434,382436,0,13,148428,75152,51111,11511,121380,3531,1435597,50151,1179550,13,141815,4839,4207961
9/3/2022,602434,382436,0,13,148428,75152,51111,11511,121380,3531,1435597,50151,1180211,13,141815,4839,4208622
9/4/2022,602434,382436,0,13,148428,75152,51111,11511,121380,3531,1435597,50151,1180685,13,141815,4839,4209096
9/5/2022,602434,382436,0,13,148428,75152,51111,11511,121380,3531,1435597,50151,1181131,13,141815,4839,4209542
9/6/2022,602434,382436,0,13,148428,75152,51111,11511,121380,3531,1437426,50594,1181744,13,141815,4851,4212439
9/7/2022,603501,382436,0,13,148428,75152,51111,11511,121380,3531,1437426,50594,1182668,13,141815,4852,4214431
9/8/2022,603501,383054,0,13,148903,75152,51111,11511,121380,3531,1442432,50594,1183573,13,141815,4856,4221439
9/9/2022,603501,383054,0,13,148903,75741,51329,11511,122458,3531,1442991,50594,1184448,13,141815,4857,4224759
9/10/2022,603501,383054,0,13,148903,75741,51329,11511,122458,3531,1442991,50594,1185085,13,141815,4857,4225396
9/11/2022,603501,383054,0,13,148903,75741,51329,11511,122458,3531,1442991,50594,1185085,13,141815,4857,4225396
9/12/2022,603501,383054,0,13,148903,75741,51329,11511,122458,3531,1442991,50594,1186199,13,141815,4862,4226515
9/13/2022,603501,383054,0,13,148903,75741,51329,11511,122458,3531,1445103,51050,1187101,13,141815,4863,4229986
9/14/2022,604578,383054,0,13,148903,75741,51329,11511,122458,3531,1445103,51050,1187101,13,141815,4864,4231064
9/15/2022,604578,383628,0,13,149245,75741,51329,11511,122458,3531,1450499,51050,1188798,13,141815,4866,4239075
9/16/2022,604578,383628,0,13,149245,76316,51446,11511,123549,3531,1450985,51050,1189529,13,143747,4867,4244008
9/17/2022,604578,383628,0,13,149245,76316,51446,11511,123549,3531,1450985,51050,1190143,13,143747,4867,4244622
9/18/2022,604578,383628,0,13,149245,76316,51446,11511,123549,3531,1450985,51050,1190603,13,143747,4867,4245082
9/19/2022,604578,383628,0,13,149245,76316,51446,11511,123549,3531,1450985,51050,1191187,13,143747,4867,4245666
9/20/2022,604578,383628,0,13,149245,76316,51446,11511,123549,3531,1453813,51410,1192120,13,143747,4878,4249798
9/21/2022,605757,383628,0,13,149245,76316,51446,11511,123549,3531,1453813,51410,1193035,13,143747,4884,4251898
9/22/2022,605757,384266,0,13,149622,76316,51446,11511,123549,3531,1459353,51410,1193964,13,143747,4885,4259383
9/23/2022,605757,384266,0,13,149622,76902,51580,11511,124511,3531,1459908,51410,1194787,13,143747,4888,4262446
9/24/2022,605757,384266,0,13,149622,76902,51580,11511,124511,3531,1459908,51410,1195520,13,143747,4888,4263179
9/25/2022,605757,384266,0,13,149622,76902,51580,11511,124511,3531,1459908,51410,1196141,13,143747,4888,4263800
9/26/2022,605757,384266,0,13,149622,76902,51580,11511,124511,3531,1459908,51410,1196758,13,143747,4896,4264425
9/27/2022,605757,384266,0,13,149622,76902,51580,11511,124511,3531,1462148,51410,1197701,13,143747,4900,4267612
9/28/2022,607289,384266,0,13,149622,76902,51580,11511,124511,3531,1462148,51410,1198831,13,143747,4902,4270276
9/29/2022,607289,384900,0,13,149908,76902,51580,11511,124511,3531,1468342,51410,1199868,13,143747,4905,4278430
9/30/2022,607289,384900,0,13,149908,76902,51580,11511,124511,3531,1468342,51410,1200754,13,143747,4905,4279316
10/1/2022,607289,384900,0,13,149908,76902,51580,11511,124511,3531,1468342,51410,1201599,13,143747,4905,4280161
10/2/2022,607289,384900,0,13,149908,76902,51580,11511,124511,3531,1468342,51410,1202197,13,143747,4905,4280759
10/3/2022,607289,384900,0,13,149908,77460,51743,11511,125474,3531,1468342,51410,1202909,13,143747,4915,4283165
10/4/2022,607289,384900,0,13,149908,77460,51743,11511,125474,3531,1471071,52047,1203882,13,143747,4919,4287508
10/5/2022,607289,384900,0,13,149908,77460,51743,11511,125474,3531,1471071,52047,1204965,13,143747,4921,4288593
10/6/2022,607289,385599,0,13,150213,77460,51743,11511,125474,3531,1477588,52047,1206000,13,143747,4923,4297151
10/7/2022,607289,385599,0,13,150213,78056,51955,11511,126598,3531,1477931,52047,1207016,13,143747,4923,4300442
10/8/2022,607289,385599,0,13,150213,78056,51955,11511,126598,3531,1477931,52047,1207949,13,143747,4923,4301375
10/9/2022,607289,385599,0,13,150213,78056,51955,11511,126598,3531,1477931,52047,1208580,13,143747,4923,4302006
10/10/2022,607289,385599,0,13,150213,78056,51955,11511,126598,3531,1477931,52047,1209293,13,143747,4923,4302719
10/11/2022,607289,385599,0,13,150213,78056,51955,11511,126598,3531,1480253,52366,1210085,13,143747,4927,4306156
10/12/2022,610027,385599,0,13,150213,78056,51955,11511,126598,3531,1480253,52366,1211181,13,143747,4929,4309992
10/13/2022,610027,386293,0,13,150554,78056,51955,11511,126598,3531,1487093,52366,1212417,13,143747,4929,4319103
10/14/2022,610027,386293,0,13,150554,78687,52111,11511,127608,3531,1487510,52366,1213474,13,145734,4929,4324361
10/15/2022,610027,386293,0,13,150554,78687,52111,11511,127608,3531,1487510,52366,1214497,13,145734,4929,4325384
10/16/2022,610027,386293,0,13,150554,78687,52111,11511,127608,3531,1487510,52366,1215199,13,145734,4929,4326086
10/17/2022,610027,386293,0,13,150554,78687,52111,11511,127608,3531,1487510,52366,1215838,13,145734,4930,4326726
10/18/2022,610027,386293,0,13,150554,78687,52111,11511,127608,3531,1489568,52920,1216859,13,145734,4930,4330359
10/19/2022,611389,386293,0,13,150554,78687,52111,11511,127608,3531,1489568,52920,1217963,13,145734,4933,4332828
10/20/2022,611389,386920,0,13,150957,78687,52111,11511,127608,3531,1496341,52920,1219020,13,145734,4937,4341692
10/21/2022,611389,386920,0,13,150957,78687,52335,11511,128714,3531,1496919,52920,1219923,13,145734,4938,4344504
10/22/2022,611389,386920,0,13,150957,78687,52335,11511,128714,3531,1496919,52920,1220684,13,145734,4938,4345265
10/23/2022,611389,386920,0,13,150957,78687,52335,11511,128714,3531,1496919,52920,1221266,13,145734,4938,4345847
10/24/2022,611389,386920,0,13,150957,79434,52335,11511,128714,3531,1496919,52920,1221866,13,145734,4946,4347202
10/25/2022,611389,386920,0,13,150957,79434,52335,11511,128714,3531,1499463,53408,1222917,13,145734,4947,4351286
10/26/2022,612693,386920,0,13,150957,79434,52335,11511,128714,3531,1499463,53408,1223930,13,145734,4950,4353606
10/27/2022,612693,387451,0,13,151319,79434,52335,11511,128714,3531,1506282,53408,1224909,13,145734,4951,4362298
10/28/2022,612693,387451,0,13,151319,80126,52552,11511,129705,3531,1506871,53408,1225874,13,146888,4954,4366909
10/29/2022,612693,387451,0,13,151319,80126,52552,11511,129705,3531,1506871,53408,1226692,13,146888,4954,4367727
10/30/2022,612693,387451,0,13,151319,80126,52552,11511,129705,3531,1506871,53408,1227249,13,146888,4954,4368284
10/31/2022,612693,387451,0,13,151319,80126,52552,11511,129705,3531,1506871,53408,1227810,13,146888,4954,4368845
11/1/2022,612693,387451,0,13,151319,80126,52552,11511,129705,3531,1509047,53675,1228697,13,146888,4961,4372182
11/2/2022,614234,387451,0,13,151319,80126,52552,11511,129705,3531,1509047,53675,1229725,13,146888,4965,4374755
11/3/2022,614234,387936,0,13,151730,80126,52552,11511,129705,3531,1515879,53675,1230606,13,146888,4968,4383367
11/4/2022,614234,387936,0,13,151730,80126,52552,11511,129705,3531,1516369,53675,1231520,13,146888,4970,4384773
11/5/2022,614234,387936,0,13,151730,80126,52552,11511,129705,3531,1516369,53675,1231520,13,146888,4970,4384773
11/6/2022,614234,387936,0,13,151730,80126,52552,11511,129705,3531,1516369,53675,1231520,13,146888,4970,4384773
11/7/2022,614234,387936,0,13,151730,80715,52802,11511,130534,3531,1516369,53675,1233573,13,146888,4982,4388506
11/8/2022,614234,387936,0,13,151730,80715,52802,11511,130534,3531,1518134,53888,1234477,13,146888,4983,4391389
11/9/2022,615359,387936,0,13,151730,80715,52802,11511,130534,3531,1518134,53888,1235376,13,146888,4984,4393414
11/10/2022,615359,388497,0,13,152072,80715,52802,11511,130534,3531,1523998,53888,1236286,13,146888,4989,4401096
11/11/2022,615359,388497,0,13,152072,80715,52802,11511,130534,3531,1524340,53888,1237025,13,146888,4989,4402177
11/12/2022,615359,388497,0,13,152072,80715,52802,11511,130534,3531,1524340,53888,1237705,13,146888,4989,4402857
11/13/2022,615359,388497,0,13,152072,80715,52802,11511,130534,3531,1524340,53888,1238219,13,146888,4989,4403371
11/14/2022,615359,388497,0,13,152072,80715,52802,11511,130534,3531,1524340,53888,1238739,13,146888,4989,4403891
11/15/2022,615359,388497,0,13,152072,81269,52973,11511,131239,3531,1525667,53888,1239532,13,148288,4989,4408841
11/16/2022,616682,388497,0,13,152072,81269,52973,11511,131239,3531,1525667,54043,1240569,13,148288,4989,4411356
11/17/2022,616682,388984,0,13,152072,81269,52973,11511,131239,3531,1530344,54043,1241406,13,148288,4989,4417357
11/18/2022,616682,388984,0,13,152072,81269,52973,11511,131239,3531,1530613,54043,1242143,13,148288,4989,4418363
11/19/2022,616682,388984,0,13,152072,81269,52973,11511,131239,3531,1530613,54043,1242808,13,148288,4989,4419028
11/20/2022,616682,388984,0,13,152072,81269,52973,11511,131239,3531,1530613,54043,1243392,13,148288,4989,4419612
11/21/2022,616682,388984,0,13,152072,81787,53150,11511,131825,3531,1530613,54043,1243933,13,148288,4989,4421434
11/22/2022,616682,388984,0,13,152072,81787,53150,11511,131825,3531,1530915,54257,1244873,13,148288,4989,4422890
11/23/2022,618030,388984,0,13,152072,81787,53150,11511,131825,3531,1530915,54257,1246205,13,148288,4989,4425570
11/24/2022,618030,389479,0,13,152072,81787,53150,11511,131825,3531,1531052,54257,1247245,13,148288,4989,4427242
11/25/2022,618030,389479,0,13,152072,81787,53150,11511,131825,3531,1531401,54257,1248200,13,148288,4989,4428546
11/26/2022,618030,389479,0,13,152072,81787,53150,11511,131825,3531,1531401,54257,1248200,13,148288,4989,4428546
11/27/2022,618030,389479,0,13,152072,81787,53150,11511,131825,3531,1531401,54257,1248200,13,148288,4989,4428546
11/28/2022,618030,389479,0,13,152072,82223,53299,11511,132351,3531,1531401,54257,1248200,13,149189,4989,4430558
11/29/2022,618030,389479,0,13,152072,82223,53299,11511,132351,3531,1531652,54559,1248200,13,149189,4989,4431111
11/30/2022,619345,389479,0,13,152072,82223,53299,11511,132351,3531,1531652,54559,1248200,13,149189,4989,4432426
12/1/2022,619345,389479,0,13,152072,82223,53299,11511,132351,3531,1538202,54559,1254067,13,149189,4989,4444843
12/2/2022,619345,389479,0,13,152072,82223,53299,11511,132351,3531,1538271,54559,1254067,13,149189,4989,4444912
12/3/2022,619345,389479,0,13,152072,82223,53299,11511,132351,3531,1538271,54559,1254067,13,149189,4989,4444912
12/4/2022,619345,389479,0,13,152072,82223,53299,11511,132351,3531,1538271,54559,1254067,13,149189,4989,4444912
12/5/2022,619345,390087,0,13,152940,82819,53465,11511,132887,3531,1538839,54870,1258503,13,149189,4989,4453001
12/6/2022,619345,390087,0,13,152940,82819,53465,11511,132887,3531,1538839,54870,1258503,13,149189,4989,4453001
12/7/2022,620475,390087,0,13,152940,82819,53465,11511,132887,3531,1538839,54870,1260221,13,149189,4989,4455849
12/8/2022,620475,390087,0,13,152940,82819,53465,11511,132887,3531,1542880,54870,1261462,13,149189,4989,4461131
12/9/2022,620475,390626,0,13,152940,82819,53465,11511,132887,3531,1543164,54870,1262542,13,149189,4989,4463034
12/10/2022,620475,390626,0,13,152940,82819,53465,11511,132887,3531,1543164,54870,1263490,13,149189,4989,4463982
12/11/2022,620475,390626,0,13,152940,82819,53465,11511,132887,3531,1543164,54870,1264296,13,149189,4989,4464788
12/12/2022,620475,390626,0,13,153194,83425,53635,11511,133406,3531,1543164,54870,1265044,13,150003,4989,4467899
12/13/2022,620475,390626,0,13,153194,83425,53635,11511,133406,3531,1543526,55111,1266261,13,150003,4989,4469719
12/14/2022,621512,390626,0,13,153194,83425,53635,11511,133406,3531,1543526,55111,1267561,13,150003,4989,4472056
12/15/2022,621512,391285,0,13,153194,83425,53635,11511,133406,3531,1543747,55111,1268912,13,150003,4989,4474287
12/16/2022,621512,391285,0,13,153194,83425,53635,11511,133406,3531,1544172,55111,1270133,13,150003,4989,4475933
12/17/2022,621512,391285,0,13,153194,83425,53635,11511,133406,3531,1544172,55111,1271168,13,150003,4989,4476968
12/18/2022,621512,391285,0,13,153194,83425,53635,11511,133406,3531,1544172,55111,1272029,13,150003,4989,4477829
12/19/2022,621512,391285,0,13,153349,84244,53785,11511,133919,3531,1544172,55111,1272878,13,150003,4989,4480315
12/20/2022,621512,391285,0,13,153349,84244,53785,11511,133919,3531,1544643,55319,1274140,13,150003,4989,4482256
12/21/2022,622428,391285,0,13,153349,84244,53785,11511,133919,3531,1544643,55319,1275579,13,150003,4989,4484611
12/22/2022,622428,391285,0,13,153349,84244,53785,11511,133919,3531,1552331,55319,1276752,13,150003,4989,4493472
12/23/2022,622428,391897,0,13,153507,84891,53914,11511,134483,3531,1552652,55319,1277720,13,150942,4989,4497810
12/24/2022,622428,391897,0,13,153507,84891,53914,11511,134483,3531,1552652,55319,1277720,13,150942,4989,4497810
12/25/2022,622428,391897,0,13,153507,84891,53914,11511,134483,3531,1552652,55319,1277720,13,150942,4989,4497810
12/26/2022,622428,391897,0,13,153507,84891,53914,11511,134483,3531,1552652,55319,1279432,13,150942,4989,4499522
12/27/2022,622428,391897,0,13,153507,84891,53914,11511,134483,3531,1552652,55319,1280200,13,150942,4989,4500290
12/28/2022,622428,391897,0,13,153507,84891,53914,11511,134483,3531,1552652,55319,1281152,13,150942,4989,4501242
12/29/2022,622428,391897,0,13,153507,84891,53914,11511,134483,3531,1552652,55319,1282260,13,150942,4989,4502350
12/30/2022,622428,391897,0,13,153507,84891,53914,11511,134483,3531,1553431,55319,1283462,13,150942,4989,4504331
12/31/2022,622428,391897,0,13,153507,84891,53914,11511,134483,3531,1553431,55319,1284273,13,150942,4989,4505142
1/1/2023,622428,391897,0,13,153507,84891,53914,11511,134483,3531,1553431,55319,1284873,13,150942,4989,4505742
1/2/2023,622428,391897,0,13,153507,84891,53914,11511,134483,3531,1553431,55319,1285330,13,150942,4989,4506199
1/3/2023,622428,391897,0,13,153507,84891,53914,11511,134483,3531,1553871,55679,1286093,13,150942,4989,4507762
1/4/2023,622428,391897,0,13,153507,84891,53914,11511,134483,3531,1553871,55679,1287264,13,150942,4989,4508933
1/5/2023,622428,393145,0,13,153507,84891,53914,11511,134483,3531,1562763,55679,1288481,13,150942,4989,4520290
1/6/2023,624474,393145,0,13,153507,84891,53914,11511,134483,3531,1563242,55679,1289371,13,150942,4989,4523705
1/7/2023,624474,393145,0,13,153507,84891,53914,11511,134483,3531,1563242,55679,1290123,13,150942,4989,4524457
1/8/2023,624474,393145,0,13,153507,84891,53914,11511,134483,3531,1563242,55679,1290678,13,150942,4989,4525012
1/9/2023,624474,393145,0,13,153784,85897,54113,11511,135759,3531,1563242,55679,1291259,13,151570,4989,4528979
1/10/2023,624474,393145,0,13,153784,85897,54113,11511,135759,3531,1563729,55825,1292049,13,151570,4989,4530402
1/11/2023,625120,393145,0,13,153784,85897,54113,11511,135759,3531,1563729,55825,1292747,13,151570,4989,4531746
1/12/2023,625120,393804,0,13,153784,85897,54113,11511,135759,3531,1567037,55825,1293503,13,151570,4989,4536469
1/13/2023,625120,393804,0,13,153784,85897,54113,11511,135759,3531,1567467,55825,1294139,13,151570,4989,4537535
1/14/2023,625120,393804,0,13,153784,85897,54113,11511,135759,3531,1567467,55825,1294652,13,151570,4989,4538048
1/15/2023,625120,393804,0,13,153784,85897,54113,11511,135759,3531,1567467,55825,1294652,13,151570,4989,4538048
1/16/2023,625120,393804,0,13,153919,86418,54113,11511,136944,3531,1567467,55825,1295556,13,151570,4989,4540793
1/17/2023,625120,393804,0,13,153919,86418,54113,11511,136944,3531,1567824,55985,1296207,13,151570,4989,4541961
1/18/2023,625948,393804,0,13,153919,86418,54113,11511,136944,3531,1567824,55985,1296835,13,151570,4989,4543417
1/19/2023,625948,394366,0,13,153919,86418,54113,11511,136944,3531,1572919,55985,1297408,13,151570,4989,4549647
1/20/2023,625948,394366,0,13,153919,86418,54113,11511,136944,3531,1573240,55985,1297408,13,151570,4989,4549968
1/21/2023,625948,394366,0,13,153919,86418,54113,11511,136944,3531,1573240,55985,1298401,13,151570,4989,4550961
1/22/2023,625948,394366,0,13,153919,86418,54113,11511,136944,3531,1573240,55985,1298719,13,151570,4989,4551279
1/23/2023,625948,394366,0,13,154041,86851,54332,11511,137669,3531,1573240,55985,1299051,13,152258,4989,4553798
1/24/2023,625948,394366,0,13,154041,86851,54332,11511,137669,3531,1573612,56136,1299587,13,152258,4989,4554857
1/25/2023,626594,394366,0,13,154041,86851,54332,11511,137669,3531,1573612,56136,1300110,13,152258,4989,4556026
1/26/2023,626594,394774,0,13,154041,86851,54332,11511,137669,3531,1577125,56136,1300615,13,152258,4989,4560452
1/27/2023,626594,394774,0,13,154041,86851,54332,11511,137669,3531,1577333,56136,1301034,13,152258,4989,4561079
1/28/2023,626594,394774,0,13,154041,86851,54332,11511,137669,3531,1577333,56136,1301449,13,152258,4989,4561494
1/29/2023,626594,394774,0,13,154041,86851,54332,11511,137669,3531,1577333,56136,1301763,13,152258,4989,4561808
1/30/2023,626594,394774,0,13,154100,87172,54332,11511,138331,3531,1577333,56136,1302103,13,152258,4989,4563190
1/31/2023,626594,394774,0,13,154100,87172,54332,11511,138331,3531,1577661,56201,1302634,13,152258,4989,4564114
2/1/2023,627184,394774,0,13,154100,87172,54332,11511,138331,3531,1577661,56201,1303216,13,152258,4989,4565286
2/2/2023,627184,395070,0,13,154100,87172,54332,11511,138331,3531,1581120,56201,1303764,13,152258,4989,4569589
2/3/2023,627184,395070,0,13,154100,87172,54332,11511,138331,3531,1581317,56201,1304288,13,152258,4989,4570310
2/4/2023,627184,395070,0,13,154100,87172,54332,11511,138331,3531,1581317,56201,1304288,13,152258,4989,4570310
2/5/2023,627184,395070,0,13,154100,87172,54332,11511,138331,3531,1581317,56201,1304288,13,152258,4989,4570310
2/6/2023,627184,395070,0,13,154196,87435,54473,11511,139013,3531,1581317,56201,1304288,13,152773,4989,4572007
2/7/2023,627184,395070,0,13,154196,87435,54473,11511,139013,3531,1581573,56261,1305962,13,152773,4989,4573997
2/8/2023,627727,395070,0,13,154196,87435,54473,11511,139013,3531,1581573,56261,1306574,13,152773,4989,4575152
2/9/2023,627727,395367,0,13,154196,87435,54473,11511,139013,3531,1583823,56261,1307181,13,152773,4989,4578306
2/10/2023,627727,395367,0,13,154196,87435,54473,11511,139013,3531,1584116,56261,1307719,13,152773,4989,4579137
2/11/2023,627727,395367,0,13,154196,87435,54473,11511,139013,3531,1584116,56261,1308213,13,152773,4989,4579631
2/12/2023,627727,395367,0,13,154196,87435,54473,11511,139013,3531,1584116,56261,1308627,13,152773,4989,4580045
2/13/2023,627727,395367,0,13,154346,87774,54473,11511,139671,3531,1584116,56261,1309008,13,152773,4989,4581573
2/14/2023,627727,395367,0,13,154346,87774,54473,11511,139671,3531,1584414,56340,1309588,13,152773,4989,4582530
2/15/2023,628150,395367,0,13,154346,87774,54473,11511,139671,3531,1584414,56340,1310164,13,152773,4989,4583529
2/16/2023,628150,395709,0,13,154346,87774,54473,11511,139671,3531,1589549,56340,1310727,13,152773,4989,4589569
2/17/2023,628150,395709,0,13,154346,87774,54473,11511,139671,3531,1589892,56340,1311210,13,152773,4989,4590395
2/18/2023,628150,395709,0,13,154346,87774,54473,11511,139671,3531,1589892,56340,1311623,13,152773,4989,4590808
2/19/2023,628150,395709,0,13,154346,87774,54473,11511,139671,3531,1589892,56340,1312017,13,152773,4989,4591202
2/20/2023,628150,395709,0,13,154494,88153,54583,11511,140111,3531,1589892,56340,1312385,13,153255,4989,4593129
2/21/2023,628150,395709,0,13,154494,88153,54583,11511,140111,3531,1590014,56408,1312991,13,153255,4989,4593925
2/22/2023,628572,395709,0,13,154494,88153,54583,11511,140111,3531,1590157,56408,1313543,13,153255,4989,4595042
2/23/2023,628572,396066,0,13,154494,88153,54583,11511,140111,3531,1593594,56408,1314041,13,153255,4989,4599334
2/24/2023,628572,396066,0,13,154494,88153,54583,11511,140111,3531,1593840,56408,1314525,13,153255,4989,4600064
2/25/2023,628572,396066,0,13,154494,88153,54583,11511,140111,3531,1593840,56408,1314974,13,153255,4989,4600513
2/26/2023,628572,396066,0,13,154494,88153,54583,11511,140111,3531,1593840,56408,1315301,13,153255,4989,4600840
2/27/2023,628572,396066,0,13,154588,88503,54583,11511,140492,3531,1593840,56408,1315666,13,153255,4989,4602030
2/28/2023,628572,396066,0,13,154588,88503,54583,11511,140492,3531,1594055,56456,1316179,13,153255,4989,4602806
3/1/2023,628947,396066,0,13,154588,88503,54583,11511,140492,3531,1594055,56456,1316793,13,153255,4989,4603795
3/2/2023,628947,396472,0,13,154588,88503,54583,11511,140492,3531,1597751,56456,1317352,13,153255,4989,4608456
3/3/2023,628947,396472,0,13,154588,88503,54583,11511,140492,3531,1597894,56456,1317795,13,153255,4989,4609042
3/4/2023,628947,396472,0,13,154588,88503,54583,11511,140492,3531,1597894,56456,1318211,13,153255,4989,4609458
3/5/2023,628947,396472,0,13,154588,88503,54583,11511,140492,3531,1597894,56456,1318504,13,153255,4989,4609751
3/6/2023,628947,396472,0,13,154712,88866,54757,11511,140793,3531,1597894,56456,1318823,13,153651,4989,4611428
3/7/2023,628947,396472,0,13,154712,88866,54757,11511,140793,3531,1598075,56523,1319366,13,153651,4989,4612219
3/8/2023,629269,396472,0,13,154712,88866,54757,11511,140793,3531,1598075,56523,1319879,13,153651,4989,4613054
3/9/2023,629269,396817,0,13,154712,88866,54757,11511,140793,3531,1601325,56523,1320325,13,153651,4989,4617095
